TSA ID,TSA AREA,date,current_hospitalized
A,Amarillo,2020-04-12,17.0
A,Amarillo,2020-04-13,17.0
A,Amarillo,2020-04-14,17.0
A,Amarillo,2020-04-15,40.0
A,Amarillo,2020-04-16,18.0
A,Amarillo,2020-04-17,24.0
A,Amarillo,2020-04-18,18.0
A,Amarillo,2020-04-19,35.0
A,Amarillo,2020-04-20,17.0
A,Amarillo,2020-04-21,17.0
A,Amarillo,2020-04-22,41.0
A,Amarillo,2020-04-23,41.0
A,Amarillo,2020-04-24,40.0
A,Amarillo,2020-04-25,46.0
A,Amarillo,2020-04-26,59.0
A,Amarillo,2020-04-27,64.0
A,Amarillo,2020-04-28,67.0
A,Amarillo,2020-04-29,82.0
A,Amarillo,2020-04-30,84.0
A,Amarillo,2020-05-01,87.0
A,Amarillo,2020-05-02,91.0
A,Amarillo,2020-05-03,101.0
A,Amarillo,2020-05-04,94.0
A,Amarillo,2020-05-05,90.0
A,Amarillo,2020-05-06,96.0
A,Amarillo,2020-05-07,109.0
A,Amarillo,2020-05-08,112.0
A,Amarillo,2020-05-09,109.0
A,Amarillo,2020-05-10,103.0
A,Amarillo,2020-05-11,98.0
A,Amarillo,2020-05-12,94.0
A,Amarillo,2020-05-13,82.0
A,Amarillo,2020-05-14,84.0
A,Amarillo,2020-05-15,79.0
A,Amarillo,2020-05-16,80.0
A,Amarillo,2020-05-17,72.0
A,Amarillo,2020-05-18,68.0
A,Amarillo,2020-05-19,70.0
A,Amarillo,2020-05-20,75.0
A,Amarillo,2020-05-21,63.0
A,Amarillo,2020-05-22,53.0
A,Amarillo,2020-05-23,55.0
A,Amarillo,2020-05-24,55.0
A,Amarillo,2020-05-25,55.0
A,Amarillo,2020-05-26,61.0
A,Amarillo,2020-05-27,59.0
A,Amarillo,2020-05-28,63.0
A,Amarillo,2020-05-29,24.0
A,Amarillo,2020-05-30,58.0
A,Amarillo,2020-05-31,39.0
A,Amarillo,2020-06-01,47.0
A,Amarillo,2020-06-02,45.0
A,Amarillo,2020-06-03,46.0
A,Amarillo,2020-06-04,38.0
A,Amarillo,2020-06-05,31.0
A,Amarillo,2020-06-06,32.0
A,Amarillo,2020-06-07,31.0
A,Amarillo,2020-06-08,25.0
A,Amarillo,2020-06-09,29.0
A,Amarillo,2020-06-10,25.0
A,Amarillo,2020-06-11,23.0
A,Amarillo,2020-06-12,17.0
A,Amarillo,2020-06-13,18.0
A,Amarillo,2020-06-14,17.0
A,Amarillo,2020-06-15,16.0
A,Amarillo,2020-06-16,25.0
A,Amarillo,2020-06-17,23.0
A,Amarillo,2020-06-18,24.0
A,Amarillo,2020-06-19,22.0
A,Amarillo,2020-06-20,20.0
A,Amarillo,2020-06-21,22.0
A,Amarillo,2020-06-22,23.0
A,Amarillo,2020-06-23,23.0
A,Amarillo,2020-06-24,27.0
A,Amarillo,2020-06-25,25.0
A,Amarillo,2020-06-26,22.0
A,Amarillo,2020-06-27,21.0
A,Amarillo,2020-06-28,20.0
A,Amarillo,2020-06-29,22.0
A,Amarillo,2020-06-30,25.0
A,Amarillo,2020-07-01,25.0
A,Amarillo,2020-07-02,27.0
A,Amarillo,2020-07-03,23.0
A,Amarillo,2020-07-04,23.0
A,Amarillo,2020-07-05,26.0
A,Amarillo,2020-07-06,31.0
A,Amarillo,2020-07-07,38.0
A,Amarillo,2020-07-08,38.0
A,Amarillo,2020-07-09,41.0
A,Amarillo,2020-07-10,46.0
A,Amarillo,2020-07-11,48.0
A,Amarillo,2020-07-12,47.0
A,Amarillo,2020-07-13,46.0
A,Amarillo,2020-07-14,47.0
A,Amarillo,2020-07-15,49.0
A,Amarillo,2020-07-16,51.0
A,Amarillo,2020-07-17,58.0
A,Amarillo,2020-07-18,63.0
A,Amarillo,2020-07-19,62.0
A,Amarillo,2020-07-20,63.0
A,Amarillo,2020-07-21,69.0
A,Amarillo,2020-07-22,75.0
A,Amarillo,2020-07-23,65.0
A,Amarillo,2020-07-24,82.0
A,Amarillo,2020-07-25,75.0
A,Amarillo,2020-07-26,44.0
B,Lubbock,2020-04-12,34.0
B,Lubbock,2020-04-13,35.0
B,Lubbock,2020-04-14,31.0
B,Lubbock,2020-04-15,34.0
B,Lubbock,2020-04-16,32.0
B,Lubbock,2020-04-17,38.0
B,Lubbock,2020-04-18,35.0
B,Lubbock,2020-04-19,32.0
B,Lubbock,2020-04-20,32.0
B,Lubbock,2020-04-21,46.0
B,Lubbock,2020-04-22,28.0
B,Lubbock,2020-04-23,25.0
B,Lubbock,2020-04-24,27.0
B,Lubbock,2020-04-25,32.0
B,Lubbock,2020-04-26,26.0
B,Lubbock,2020-04-27,29.0
B,Lubbock,2020-04-28,29.0
B,Lubbock,2020-04-29,31.0
B,Lubbock,2020-04-30,38.0
B,Lubbock,2020-05-01,36.0
B,Lubbock,2020-05-02,37.0
B,Lubbock,2020-05-03,29.0
B,Lubbock,2020-05-04,30.0
B,Lubbock,2020-05-05,33.0
B,Lubbock,2020-05-06,37.0
B,Lubbock,2020-05-07,32.0
B,Lubbock,2020-05-08,28.0
B,Lubbock,2020-05-09,27.0
B,Lubbock,2020-05-10,25.0
B,Lubbock,2020-05-11,23.0
B,Lubbock,2020-05-12,25.0
B,Lubbock,2020-05-13,19.0
B,Lubbock,2020-05-14,22.0
B,Lubbock,2020-05-15,21.0
B,Lubbock,2020-05-16,20.0
B,Lubbock,2020-05-17,19.0
B,Lubbock,2020-05-18,20.0
B,Lubbock,2020-05-19,21.0
B,Lubbock,2020-05-20,25.0
B,Lubbock,2020-05-21,20.0
B,Lubbock,2020-05-22,15.0
B,Lubbock,2020-05-23,14.0
B,Lubbock,2020-05-24,13.0
B,Lubbock,2020-05-25,16.0
B,Lubbock,2020-05-26,16.0
B,Lubbock,2020-05-27,15.0
B,Lubbock,2020-05-28,14.0
B,Lubbock,2020-05-29,20.0
B,Lubbock,2020-05-30,14.0
B,Lubbock,2020-05-31,12.0
B,Lubbock,2020-06-01,14.0
B,Lubbock,2020-06-02,16.0
B,Lubbock,2020-06-03,19.0
B,Lubbock,2020-06-04,16.0
B,Lubbock,2020-06-05,13.0
B,Lubbock,2020-06-06,11.0
B,Lubbock,2020-06-07,11.0
B,Lubbock,2020-06-08,10.0
B,Lubbock,2020-06-09,10.0
B,Lubbock,2020-06-10,15.0
B,Lubbock,2020-06-11,14.0
B,Lubbock,2020-06-12,17.0
B,Lubbock,2020-06-13,18.0
B,Lubbock,2020-06-14,16.0
B,Lubbock,2020-06-15,15.0
B,Lubbock,2020-06-16,14.0
B,Lubbock,2020-06-17,16.0
B,Lubbock,2020-06-18,20.0
B,Lubbock,2020-06-19,21.0
B,Lubbock,2020-06-20,22.0
B,Lubbock,2020-06-21,22.0
B,Lubbock,2020-06-22,22.0
B,Lubbock,2020-06-23,25.0
B,Lubbock,2020-06-24,34.0
B,Lubbock,2020-06-25,37.0
B,Lubbock,2020-06-26,43.0
B,Lubbock,2020-06-27,42.0
B,Lubbock,2020-06-28,51.0
B,Lubbock,2020-06-29,49.0
B,Lubbock,2020-06-30,58.0
B,Lubbock,2020-07-01,72.0
B,Lubbock,2020-07-02,74.0
B,Lubbock,2020-07-03,98.0
B,Lubbock,2020-07-04,88.0
B,Lubbock,2020-07-05,93.0
B,Lubbock,2020-07-06,86.0
B,Lubbock,2020-07-07,97.0
B,Lubbock,2020-07-08,109.0
B,Lubbock,2020-07-09,117.0
B,Lubbock,2020-07-10,115.0
B,Lubbock,2020-07-11,128.0
B,Lubbock,2020-07-12,125.0
B,Lubbock,2020-07-13,130.0
B,Lubbock,2020-07-14,130.0
B,Lubbock,2020-07-15,123.0
B,Lubbock,2020-07-16,124.0
B,Lubbock,2020-07-17,125.0
B,Lubbock,2020-07-18,128.0
B,Lubbock,2020-07-19,114.0
B,Lubbock,2020-07-20,128.0
B,Lubbock,2020-07-21,128.0
B,Lubbock,2020-07-22,133.0
B,Lubbock,2020-07-23,142.0
B,Lubbock,2020-07-24,203.0
B,Lubbock,2020-07-25,190.0
B,Lubbock,2020-07-26,198.0
C,Wichita Falls,2020-04-12,5.0
C,Wichita Falls,2020-04-13,5.0
C,Wichita Falls,2020-04-14,6.0
C,Wichita Falls,2020-04-15,4.0
C,Wichita Falls,2020-04-16,5.0
C,Wichita Falls,2020-04-17,0.0
C,Wichita Falls,2020-04-18,0.0
C,Wichita Falls,2020-04-19,0.0
C,Wichita Falls,2020-04-20,2.0
C,Wichita Falls,2020-04-21,4.0
C,Wichita Falls,2020-04-22,1.0
C,Wichita Falls,2020-04-23,1.0
C,Wichita Falls,2020-04-24,1.0
C,Wichita Falls,2020-04-25,1.0
C,Wichita Falls,2020-04-26,1.0
C,Wichita Falls,2020-04-27,0.0
C,Wichita Falls,2020-04-28,0.0
C,Wichita Falls,2020-04-29,0.0
C,Wichita Falls,2020-04-30,0.0
C,Wichita Falls,2020-05-01,0.0
C,Wichita Falls,2020-05-02,0.0
C,Wichita Falls,2020-05-03,0.0
C,Wichita Falls,2020-05-04,0.0
C,Wichita Falls,2020-05-05,0.0
C,Wichita Falls,2020-05-06,0.0
C,Wichita Falls,2020-05-07,0.0
C,Wichita Falls,2020-05-08,0.0
C,Wichita Falls,2020-05-09,2.0
C,Wichita Falls,2020-05-10,2.0
C,Wichita Falls,2020-05-11,2.0
C,Wichita Falls,2020-05-12,0.0
C,Wichita Falls,2020-05-13,0.0
C,Wichita Falls,2020-05-14,1.0
C,Wichita Falls,2020-05-15,1.0
C,Wichita Falls,2020-05-16,1.0
C,Wichita Falls,2020-05-17,1.0
C,Wichita Falls,2020-05-18,1.0
C,Wichita Falls,2020-05-19,1.0
C,Wichita Falls,2020-05-20,1.0
C,Wichita Falls,2020-05-21,1.0
C,Wichita Falls,2020-05-22,1.0
C,Wichita Falls,2020-05-23,1.0
C,Wichita Falls,2020-05-24,1.0
C,Wichita Falls,2020-05-25,2.0
C,Wichita Falls,2020-05-26,0.0
C,Wichita Falls,2020-05-27,0.0
C,Wichita Falls,2020-05-28,0.0
C,Wichita Falls,2020-05-29,0.0
C,Wichita Falls,2020-05-30,0.0
C,Wichita Falls,2020-05-31,0.0
C,Wichita Falls,2020-06-01,0.0
C,Wichita Falls,2020-06-02,0.0
C,Wichita Falls,2020-06-03,0.0
C,Wichita Falls,2020-06-04,0.0
C,Wichita Falls,2020-06-05,0.0
C,Wichita Falls,2020-06-06,0.0
C,Wichita Falls,2020-06-07,0.0
C,Wichita Falls,2020-06-08,0.0
C,Wichita Falls,2020-06-09,0.0
C,Wichita Falls,2020-06-10,0.0
C,Wichita Falls,2020-06-11,0.0
C,Wichita Falls,2020-06-12,0.0
C,Wichita Falls,2020-06-13,0.0
C,Wichita Falls,2020-06-14,0.0
C,Wichita Falls,2020-06-15,0.0
C,Wichita Falls,2020-06-16,0.0
C,Wichita Falls,2020-06-17,0.0
C,Wichita Falls,2020-06-18,0.0
C,Wichita Falls,2020-06-19,0.0
C,Wichita Falls,2020-06-20,2.0
C,Wichita Falls,2020-06-21,2.0
C,Wichita Falls,2020-06-22,2.0
C,Wichita Falls,2020-06-23,3.0
C,Wichita Falls,2020-06-24,7.0
C,Wichita Falls,2020-06-25,10.0
C,Wichita Falls,2020-06-26,8.0
C,Wichita Falls,2020-06-27,8.0
C,Wichita Falls,2020-06-28,9.0
C,Wichita Falls,2020-06-29,12.0
C,Wichita Falls,2020-06-30,11.0
C,Wichita Falls,2020-07-01,11.0
C,Wichita Falls,2020-07-02,10.0
C,Wichita Falls,2020-07-03,10.0
C,Wichita Falls,2020-07-04,10.0
C,Wichita Falls,2020-07-05,19.0
C,Wichita Falls,2020-07-06,21.0
C,Wichita Falls,2020-07-07,22.0
C,Wichita Falls,2020-07-08,28.0
C,Wichita Falls,2020-07-09,33.0
C,Wichita Falls,2020-07-10,32.0
C,Wichita Falls,2020-07-11,35.0
C,Wichita Falls,2020-07-12,35.0
C,Wichita Falls,2020-07-13,35.0
C,Wichita Falls,2020-07-14,33.0
C,Wichita Falls,2020-07-15,34.0
C,Wichita Falls,2020-07-16,40.0
C,Wichita Falls,2020-07-17,43.0
C,Wichita Falls,2020-07-18,40.0
C,Wichita Falls,2020-07-19,41.0
C,Wichita Falls,2020-07-20,40.0
C,Wichita Falls,2020-07-21,41.0
C,Wichita Falls,2020-07-22,38.0
C,Wichita Falls,2020-07-23,52.0
C,Wichita Falls,2020-07-24,46.0
C,Wichita Falls,2020-07-25,44.0
C,Wichita Falls,2020-07-26,51.0
D,Abilene,2020-04-12,6.0
D,Abilene,2020-04-13,7.0
D,Abilene,2020-04-14,2.0
D,Abilene,2020-04-15,6.0
D,Abilene,2020-04-16,5.0
D,Abilene,2020-04-17,8.0
D,Abilene,2020-04-18,3.0
D,Abilene,2020-04-19,10.0
D,Abilene,2020-04-20,6.0
D,Abilene,2020-04-21,7.0
D,Abilene,2020-04-22,11.0
D,Abilene,2020-04-23,9.0
D,Abilene,2020-04-24,9.0
D,Abilene,2020-04-25,6.0
D,Abilene,2020-04-26,6.0
D,Abilene,2020-04-27,7.0
D,Abilene,2020-04-28,6.0
D,Abilene,2020-04-29,4.0
D,Abilene,2020-04-30,4.0
D,Abilene,2020-05-01,4.0
D,Abilene,2020-05-02,4.0
D,Abilene,2020-05-03,6.0
D,Abilene,2020-05-04,4.0
D,Abilene,2020-05-05,5.0
D,Abilene,2020-05-06,3.0
D,Abilene,2020-05-07,3.0
D,Abilene,2020-05-08,2.0
D,Abilene,2020-05-09,1.0
D,Abilene,2020-05-10,3.0
D,Abilene,2020-05-11,5.0
D,Abilene,2020-05-12,4.0
D,Abilene,2020-05-13,3.0
D,Abilene,2020-05-14,4.0
D,Abilene,2020-05-15,3.0
D,Abilene,2020-05-16,3.0
D,Abilene,2020-05-17,3.0
D,Abilene,2020-05-18,3.0
D,Abilene,2020-05-19,4.0
D,Abilene,2020-05-20,4.0
D,Abilene,2020-05-21,7.0
D,Abilene,2020-05-22,3.0
D,Abilene,2020-05-23,3.0
D,Abilene,2020-05-24,4.0
D,Abilene,2020-05-25,5.0
D,Abilene,2020-05-26,4.0
D,Abilene,2020-05-27,1.0
D,Abilene,2020-05-28,1.0
D,Abilene,2020-05-29,2.0
D,Abilene,2020-05-30,2.0
D,Abilene,2020-05-31,3.0
D,Abilene,2020-06-01,2.0
D,Abilene,2020-06-02,1.0
D,Abilene,2020-06-03,1.0
D,Abilene,2020-06-04,1.0
D,Abilene,2020-06-05,1.0
D,Abilene,2020-06-06,1.0
D,Abilene,2020-06-07,0.0
D,Abilene,2020-06-08,1.0
D,Abilene,2020-06-09,1.0
D,Abilene,2020-06-10,1.0
D,Abilene,2020-06-11,0.0
D,Abilene,2020-06-12,0.0
D,Abilene,2020-06-13,0.0
D,Abilene,2020-06-14,1.0
D,Abilene,2020-06-15,0.0
D,Abilene,2020-06-16,1.0
D,Abilene,2020-06-17,1.0
D,Abilene,2020-06-18,1.0
D,Abilene,2020-06-19,2.0
D,Abilene,2020-06-20,1.0
D,Abilene,2020-06-21,1.0
D,Abilene,2020-06-22,2.0
D,Abilene,2020-06-23,5.0
D,Abilene,2020-06-24,5.0
D,Abilene,2020-06-25,6.0
D,Abilene,2020-06-26,8.0
D,Abilene,2020-06-27,7.0
D,Abilene,2020-06-28,9.0
D,Abilene,2020-06-29,9.0
D,Abilene,2020-06-30,10.0
D,Abilene,2020-07-01,10.0
D,Abilene,2020-07-02,10.0
D,Abilene,2020-07-03,13.0
D,Abilene,2020-07-04,18.0
D,Abilene,2020-07-05,22.0
D,Abilene,2020-07-06,33.0
D,Abilene,2020-07-07,22.0
D,Abilene,2020-07-08,24.0
D,Abilene,2020-07-09,24.0
D,Abilene,2020-07-10,20.0
D,Abilene,2020-07-11,22.0
D,Abilene,2020-07-12,34.0
D,Abilene,2020-07-13,38.0
D,Abilene,2020-07-14,34.0
D,Abilene,2020-07-15,31.0
D,Abilene,2020-07-16,28.0
D,Abilene,2020-07-17,26.0
D,Abilene,2020-07-18,29.0
D,Abilene,2020-07-19,40.0
D,Abilene,2020-07-20,30.0
D,Abilene,2020-07-21,31.0
D,Abilene,2020-07-22,29.0
D,Abilene,2020-07-23,60.0
D,Abilene,2020-07-24,63.0
D,Abilene,2020-07-25,61.0
D,Abilene,2020-07-26,57.0
E,Dallas/Ft. Worth,2020-04-12,369.0
E,Dallas/Ft. Worth,2020-04-13,365.0
E,Dallas/Ft. Worth,2020-04-14,373.0
E,Dallas/Ft. Worth,2020-04-15,449.0
E,Dallas/Ft. Worth,2020-04-16,470.0
E,Dallas/Ft. Worth,2020-04-17,476.0
E,Dallas/Ft. Worth,2020-04-18,428.0
E,Dallas/Ft. Worth,2020-04-19,435.0
E,Dallas/Ft. Worth,2020-04-20,410.0
E,Dallas/Ft. Worth,2020-04-21,443.0
E,Dallas/Ft. Worth,2020-04-22,477.0
E,Dallas/Ft. Worth,2020-04-23,517.0
E,Dallas/Ft. Worth,2020-04-24,550.0
E,Dallas/Ft. Worth,2020-04-25,521.0
E,Dallas/Ft. Worth,2020-04-26,472.0
E,Dallas/Ft. Worth,2020-04-27,491.0
E,Dallas/Ft. Worth,2020-04-28,583.0
E,Dallas/Ft. Worth,2020-04-29,611.0
E,Dallas/Ft. Worth,2020-04-30,576.0
E,Dallas/Ft. Worth,2020-05-01,636.0
E,Dallas/Ft. Worth,2020-05-02,635.0
E,Dallas/Ft. Worth,2020-05-03,530.0
E,Dallas/Ft. Worth,2020-05-04,513.0
E,Dallas/Ft. Worth,2020-05-05,674.0
E,Dallas/Ft. Worth,2020-05-06,679.0
E,Dallas/Ft. Worth,2020-05-07,669.0
E,Dallas/Ft. Worth,2020-05-08,676.0
E,Dallas/Ft. Worth,2020-05-09,650.0
E,Dallas/Ft. Worth,2020-05-10,569.0
E,Dallas/Ft. Worth,2020-05-11,530.0
E,Dallas/Ft. Worth,2020-05-12,678.0
E,Dallas/Ft. Worth,2020-05-13,627.0
E,Dallas/Ft. Worth,2020-05-14,666.0
E,Dallas/Ft. Worth,2020-05-15,680.0
E,Dallas/Ft. Worth,2020-05-16,685.0
E,Dallas/Ft. Worth,2020-05-17,551.0
E,Dallas/Ft. Worth,2020-05-18,553.0
E,Dallas/Ft. Worth,2020-05-19,646.0
E,Dallas/Ft. Worth,2020-05-20,646.0
E,Dallas/Ft. Worth,2020-05-21,600.0
E,Dallas/Ft. Worth,2020-05-22,570.0
E,Dallas/Ft. Worth,2020-05-23,612.0
E,Dallas/Ft. Worth,2020-05-24,548.0
E,Dallas/Ft. Worth,2020-05-25,521.0
E,Dallas/Ft. Worth,2020-05-26,533.0
E,Dallas/Ft. Worth,2020-05-27,589.0
E,Dallas/Ft. Worth,2020-05-28,613.0
E,Dallas/Ft. Worth,2020-05-29,581.0
E,Dallas/Ft. Worth,2020-05-30,624.0
E,Dallas/Ft. Worth,2020-05-31,595.0
E,Dallas/Ft. Worth,2020-06-01,580.0
E,Dallas/Ft. Worth,2020-06-02,582.0
E,Dallas/Ft. Worth,2020-06-03,575.0
E,Dallas/Ft. Worth,2020-06-04,604.0
E,Dallas/Ft. Worth,2020-06-05,602.0
E,Dallas/Ft. Worth,2020-06-06,605.0
E,Dallas/Ft. Worth,2020-06-07,605.0
E,Dallas/Ft. Worth,2020-06-08,612.0
E,Dallas/Ft. Worth,2020-06-09,660.0
E,Dallas/Ft. Worth,2020-06-10,687.0
E,Dallas/Ft. Worth,2020-06-11,705.0
E,Dallas/Ft. Worth,2020-06-12,712.0
E,Dallas/Ft. Worth,2020-06-13,729.0
E,Dallas/Ft. Worth,2020-06-14,728.0
E,Dallas/Ft. Worth,2020-06-15,701.0
E,Dallas/Ft. Worth,2020-06-16,765.0
E,Dallas/Ft. Worth,2020-06-17,859.0
E,Dallas/Ft. Worth,2020-06-18,899.0
E,Dallas/Ft. Worth,2020-06-19,914.0
E,Dallas/Ft. Worth,2020-06-20,939.0
E,Dallas/Ft. Worth,2020-06-21,952.0
E,Dallas/Ft. Worth,2020-06-22,988.0
E,Dallas/Ft. Worth,2020-06-23,1074.0
E,Dallas/Ft. Worth,2020-06-24,1130.0
E,Dallas/Ft. Worth,2020-06-25,1137.0
E,Dallas/Ft. Worth,2020-06-26,1180.0
E,Dallas/Ft. Worth,2020-06-27,1248.0
E,Dallas/Ft. Worth,2020-06-28,1261.0
E,Dallas/Ft. Worth,2020-06-29,1288.0
E,Dallas/Ft. Worth,2020-06-30,1375.0
E,Dallas/Ft. Worth,2020-07-01,1411.0
E,Dallas/Ft. Worth,2020-07-02,1499.0
E,Dallas/Ft. Worth,2020-07-03,1534.0
E,Dallas/Ft. Worth,2020-07-04,1531.0
E,Dallas/Ft. Worth,2020-07-05,1562.0
E,Dallas/Ft. Worth,2020-07-06,1607.0
E,Dallas/Ft. Worth,2020-07-07,1704.0
E,Dallas/Ft. Worth,2020-07-08,1809.0
E,Dallas/Ft. Worth,2020-07-09,1826.0
E,Dallas/Ft. Worth,2020-07-10,1872.0
E,Dallas/Ft. Worth,2020-07-11,1825.0
E,Dallas/Ft. Worth,2020-07-12,1895.0
E,Dallas/Ft. Worth,2020-07-13,1867.0
E,Dallas/Ft. Worth,2020-07-14,1834.0
E,Dallas/Ft. Worth,2020-07-15,1854.0
E,Dallas/Ft. Worth,2020-07-16,1880.0
E,Dallas/Ft. Worth,2020-07-17,1918.0
E,Dallas/Ft. Worth,2020-07-18,1889.0
E,Dallas/Ft. Worth,2020-07-19,1901.0
E,Dallas/Ft. Worth,2020-07-20,1910.0
E,Dallas/Ft. Worth,2020-07-21,1907.0
E,Dallas/Ft. Worth,2020-07-22,1965.0
E,Dallas/Ft. Worth,2020-07-23,1810.0
E,Dallas/Ft. Worth,2020-07-24,1925.0
E,Dallas/Ft. Worth,2020-07-25,1716.0
E,Dallas/Ft. Worth,2020-07-26,1701.0
F,Paris,2020-04-12,14.0
F,Paris,2020-04-13,16.0
F,Paris,2020-04-14,21.0
F,Paris,2020-04-15,18.0
F,Paris,2020-04-16,15.0
F,Paris,2020-04-17,12.0
F,Paris,2020-04-18,12.0
F,Paris,2020-04-19,17.0
F,Paris,2020-04-20,16.0
F,Paris,2020-04-21,19.0
F,Paris,2020-04-22,19.0
F,Paris,2020-04-23,17.0
F,Paris,2020-04-24,19.0
F,Paris,2020-04-25,17.0
F,Paris,2020-04-26,17.0
F,Paris,2020-04-27,19.0
F,Paris,2020-04-28,18.0
F,Paris,2020-04-29,14.0
F,Paris,2020-04-30,16.0
F,Paris,2020-05-01,18.0
F,Paris,2020-05-02,19.0
F,Paris,2020-05-03,17.0
F,Paris,2020-05-04,16.0
F,Paris,2020-05-05,16.0
F,Paris,2020-05-06,13.0
F,Paris,2020-05-07,16.0
F,Paris,2020-05-08,16.0
F,Paris,2020-05-09,12.0
F,Paris,2020-05-10,14.0
F,Paris,2020-05-11,16.0
F,Paris,2020-05-12,16.0
F,Paris,2020-05-13,14.0
F,Paris,2020-05-14,11.0
F,Paris,2020-05-15,13.0
F,Paris,2020-05-16,15.0
F,Paris,2020-05-17,14.0
F,Paris,2020-05-18,14.0
F,Paris,2020-05-19,12.0
F,Paris,2020-05-20,13.0
F,Paris,2020-05-21,17.0
F,Paris,2020-05-22,23.0
F,Paris,2020-05-23,23.0
F,Paris,2020-05-24,20.0
F,Paris,2020-05-25,16.0
F,Paris,2020-05-26,18.0
F,Paris,2020-05-27,22.0
F,Paris,2020-05-28,22.0
F,Paris,2020-05-29,24.0
F,Paris,2020-05-30,20.0
F,Paris,2020-05-31,16.0
F,Paris,2020-06-01,14.0
F,Paris,2020-06-02,15.0
F,Paris,2020-06-03,18.0
F,Paris,2020-06-04,26.0
F,Paris,2020-06-05,20.0
F,Paris,2020-06-06,21.0
F,Paris,2020-06-07,22.0
F,Paris,2020-06-08,21.0
F,Paris,2020-06-09,29.0
F,Paris,2020-06-10,32.0
F,Paris,2020-06-11,25.0
F,Paris,2020-06-12,29.0
F,Paris,2020-06-13,28.0
F,Paris,2020-06-14,30.0
F,Paris,2020-06-15,28.0
F,Paris,2020-06-16,26.0
F,Paris,2020-06-17,29.0
F,Paris,2020-06-18,27.0
F,Paris,2020-06-19,24.0
F,Paris,2020-06-20,27.0
F,Paris,2020-06-21,24.0
F,Paris,2020-06-22,22.0
F,Paris,2020-06-23,25.0
F,Paris,2020-06-24,25.0
F,Paris,2020-06-25,33.0
F,Paris,2020-06-26,32.0
F,Paris,2020-06-27,35.0
F,Paris,2020-06-28,34.0
F,Paris,2020-06-29,35.0
F,Paris,2020-06-30,37.0
F,Paris,2020-07-01,38.0
F,Paris,2020-07-02,38.0
F,Paris,2020-07-03,43.0
F,Paris,2020-07-04,46.0
F,Paris,2020-07-05,49.0
F,Paris,2020-07-06,51.0
F,Paris,2020-07-07,52.0
F,Paris,2020-07-08,53.0
F,Paris,2020-07-09,58.0
F,Paris,2020-07-10,66.0
F,Paris,2020-07-11,74.0
F,Paris,2020-07-12,69.0
F,Paris,2020-07-13,70.0
F,Paris,2020-07-14,64.0
F,Paris,2020-07-15,64.0
F,Paris,2020-07-16,57.0
F,Paris,2020-07-17,68.0
F,Paris,2020-07-18,68.0
F,Paris,2020-07-19,75.0
F,Paris,2020-07-20,74.0
F,Paris,2020-07-21,75.0
F,Paris,2020-07-22,82.0
F,Paris,2020-07-23,82.0
F,Paris,2020-07-24,122.0
F,Paris,2020-07-25,132.0
F,Paris,2020-07-26,191.0
G,Longview/Tyler,2020-04-12,32.0
G,Longview/Tyler,2020-04-13,26.0
G,Longview/Tyler,2020-04-14,33.0
G,Longview/Tyler,2020-04-15,32.0
G,Longview/Tyler,2020-04-16,36.0
G,Longview/Tyler,2020-04-17,43.0
G,Longview/Tyler,2020-04-18,36.0
G,Longview/Tyler,2020-04-19,42.0
G,Longview/Tyler,2020-04-20,45.0
G,Longview/Tyler,2020-04-21,47.0
G,Longview/Tyler,2020-04-22,60.0
G,Longview/Tyler,2020-04-23,43.0
G,Longview/Tyler,2020-04-24,48.0
G,Longview/Tyler,2020-04-25,47.0
G,Longview/Tyler,2020-04-26,54.0
G,Longview/Tyler,2020-04-27,53.0
G,Longview/Tyler,2020-04-28,54.0
G,Longview/Tyler,2020-04-29,53.0
G,Longview/Tyler,2020-04-30,53.0
G,Longview/Tyler,2020-05-01,63.0
G,Longview/Tyler,2020-05-02,68.0
G,Longview/Tyler,2020-05-03,96.0
G,Longview/Tyler,2020-05-04,67.0
G,Longview/Tyler,2020-05-05,54.0
G,Longview/Tyler,2020-05-06,57.0
G,Longview/Tyler,2020-05-07,53.0
G,Longview/Tyler,2020-05-08,50.0
G,Longview/Tyler,2020-05-09,55.0
G,Longview/Tyler,2020-05-10,49.0
G,Longview/Tyler,2020-05-11,46.0
G,Longview/Tyler,2020-05-12,43.0
G,Longview/Tyler,2020-05-13,39.0
G,Longview/Tyler,2020-05-14,40.0
G,Longview/Tyler,2020-05-15,45.0
G,Longview/Tyler,2020-05-16,40.0
G,Longview/Tyler,2020-05-17,37.0
G,Longview/Tyler,2020-05-18,41.0
G,Longview/Tyler,2020-05-19,40.0
G,Longview/Tyler,2020-05-20,41.0
G,Longview/Tyler,2020-05-21,38.0
G,Longview/Tyler,2020-05-22,36.0
G,Longview/Tyler,2020-05-23,42.0
G,Longview/Tyler,2020-05-24,39.0
G,Longview/Tyler,2020-05-25,40.0
G,Longview/Tyler,2020-05-26,39.0
G,Longview/Tyler,2020-05-27,43.0
G,Longview/Tyler,2020-05-28,43.0
G,Longview/Tyler,2020-05-29,44.0
G,Longview/Tyler,2020-05-30,44.0
G,Longview/Tyler,2020-05-31,46.0
G,Longview/Tyler,2020-06-01,49.0
G,Longview/Tyler,2020-06-02,53.0
G,Longview/Tyler,2020-06-03,52.0
G,Longview/Tyler,2020-06-04,44.0
G,Longview/Tyler,2020-06-05,48.0
G,Longview/Tyler,2020-06-06,43.0
G,Longview/Tyler,2020-06-07,49.0
G,Longview/Tyler,2020-06-08,54.0
G,Longview/Tyler,2020-06-09,51.0
G,Longview/Tyler,2020-06-10,50.0
G,Longview/Tyler,2020-06-11,47.0
G,Longview/Tyler,2020-06-12,50.0
G,Longview/Tyler,2020-06-13,54.0
G,Longview/Tyler,2020-06-14,53.0
G,Longview/Tyler,2020-06-15,55.0
G,Longview/Tyler,2020-06-16,60.0
G,Longview/Tyler,2020-06-17,57.0
G,Longview/Tyler,2020-06-18,47.0
G,Longview/Tyler,2020-06-19,52.0
G,Longview/Tyler,2020-06-20,51.0
G,Longview/Tyler,2020-06-21,51.0
G,Longview/Tyler,2020-06-22,54.0
G,Longview/Tyler,2020-06-23,56.0
G,Longview/Tyler,2020-06-24,62.0
G,Longview/Tyler,2020-06-25,62.0
G,Longview/Tyler,2020-06-26,73.0
G,Longview/Tyler,2020-06-27,75.0
G,Longview/Tyler,2020-06-28,72.0
G,Longview/Tyler,2020-06-29,85.0
G,Longview/Tyler,2020-06-30,85.0
G,Longview/Tyler,2020-07-01,79.0
G,Longview/Tyler,2020-07-02,91.0
G,Longview/Tyler,2020-07-03,96.0
G,Longview/Tyler,2020-07-04,113.0
G,Longview/Tyler,2020-07-05,116.0
G,Longview/Tyler,2020-07-06,121.0
G,Longview/Tyler,2020-07-07,146.0
G,Longview/Tyler,2020-07-08,148.0
G,Longview/Tyler,2020-07-09,151.0
G,Longview/Tyler,2020-07-10,162.0
G,Longview/Tyler,2020-07-11,159.0
G,Longview/Tyler,2020-07-12,220.0
G,Longview/Tyler,2020-07-13,187.0
G,Longview/Tyler,2020-07-14,197.0
G,Longview/Tyler,2020-07-15,206.0
G,Longview/Tyler,2020-07-16,220.0
G,Longview/Tyler,2020-07-17,226.0
G,Longview/Tyler,2020-07-18,222.0
G,Longview/Tyler,2020-07-19,221.0
G,Longview/Tyler,2020-07-20,242.0
G,Longview/Tyler,2020-07-21,245.0
G,Longview/Tyler,2020-07-22,259.0
G,Longview/Tyler,2020-07-23,271.0
G,Longview/Tyler,2020-07-24,244.0
G,Longview/Tyler,2020-07-25,234.0
G,Longview/Tyler,2020-07-26,247.0
H,Lufkin,2020-04-12,15.0
H,Lufkin,2020-04-13,18.0
H,Lufkin,2020-04-14,23.0
H,Lufkin,2020-04-15,15.0
H,Lufkin,2020-04-16,28.0
H,Lufkin,2020-04-17,24.0
H,Lufkin,2020-04-18,37.0
H,Lufkin,2020-04-19,27.0
H,Lufkin,2020-04-20,24.0
H,Lufkin,2020-04-21,24.0
H,Lufkin,2020-04-22,25.0
H,Lufkin,2020-04-23,23.0
H,Lufkin,2020-04-24,23.0
H,Lufkin,2020-04-25,20.0
H,Lufkin,2020-04-26,21.0
H,Lufkin,2020-04-27,22.0
H,Lufkin,2020-04-28,18.0
H,Lufkin,2020-04-29,19.0
H,Lufkin,2020-04-30,18.0
H,Lufkin,2020-05-01,16.0
H,Lufkin,2020-05-02,20.0
H,Lufkin,2020-05-03,16.0
H,Lufkin,2020-05-04,17.0
H,Lufkin,2020-05-05,18.0
H,Lufkin,2020-05-06,14.0
H,Lufkin,2020-05-07,11.0
H,Lufkin,2020-05-08,13.0
H,Lufkin,2020-05-09,12.0
H,Lufkin,2020-05-10,18.0
H,Lufkin,2020-05-11,13.0
H,Lufkin,2020-05-12,13.0
H,Lufkin,2020-05-13,13.0
H,Lufkin,2020-05-14,11.0
H,Lufkin,2020-05-15,13.0
H,Lufkin,2020-05-16,14.0
H,Lufkin,2020-05-17,18.0
H,Lufkin,2020-05-18,11.0
H,Lufkin,2020-05-19,10.0
H,Lufkin,2020-05-20,11.0
H,Lufkin,2020-05-21,13.0
H,Lufkin,2020-05-22,9.0
H,Lufkin,2020-05-23,0.0
H,Lufkin,2020-05-24,9.0
H,Lufkin,2020-05-25,8.0
H,Lufkin,2020-05-26,11.0
H,Lufkin,2020-05-27,13.0
H,Lufkin,2020-05-28,9.0
H,Lufkin,2020-05-29,16.0
H,Lufkin,2020-05-30,13.0
H,Lufkin,2020-05-31,13.0
H,Lufkin,2020-06-01,16.0
H,Lufkin,2020-06-02,16.0
H,Lufkin,2020-06-03,15.0
H,Lufkin,2020-06-04,14.0
H,Lufkin,2020-06-05,14.0
H,Lufkin,2020-06-06,14.0
H,Lufkin,2020-06-07,15.0
H,Lufkin,2020-06-08,17.0
H,Lufkin,2020-06-09,13.0
H,Lufkin,2020-06-10,17.0
H,Lufkin,2020-06-11,14.0
H,Lufkin,2020-06-12,19.0
H,Lufkin,2020-06-13,25.0
H,Lufkin,2020-06-14,26.0
H,Lufkin,2020-06-15,28.0
H,Lufkin,2020-06-16,26.0
H,Lufkin,2020-06-17,25.0
H,Lufkin,2020-06-18,23.0
H,Lufkin,2020-06-19,23.0
H,Lufkin,2020-06-20,19.0
H,Lufkin,2020-06-21,22.0
H,Lufkin,2020-06-22,24.0
H,Lufkin,2020-06-23,32.0
H,Lufkin,2020-06-24,32.0
H,Lufkin,2020-06-25,35.0
H,Lufkin,2020-06-26,34.0
H,Lufkin,2020-06-27,32.0
H,Lufkin,2020-06-28,30.0
H,Lufkin,2020-06-29,31.0
H,Lufkin,2020-06-30,30.0
H,Lufkin,2020-07-01,35.0
H,Lufkin,2020-07-02,38.0
H,Lufkin,2020-07-03,38.0
H,Lufkin,2020-07-04,40.0
H,Lufkin,2020-07-05,46.0
H,Lufkin,2020-07-06,46.0
H,Lufkin,2020-07-07,55.0
H,Lufkin,2020-07-08,52.0
H,Lufkin,2020-07-09,59.0
H,Lufkin,2020-07-10,64.0
H,Lufkin,2020-07-11,65.0
H,Lufkin,2020-07-12,63.0
H,Lufkin,2020-07-13,60.0
H,Lufkin,2020-07-14,73.0
H,Lufkin,2020-07-15,84.0
H,Lufkin,2020-07-16,90.0
H,Lufkin,2020-07-17,94.0
H,Lufkin,2020-07-18,98.0
H,Lufkin,2020-07-19,97.0
H,Lufkin,2020-07-20,100.0
H,Lufkin,2020-07-21,101.0
H,Lufkin,2020-07-22,106.0
H,Lufkin,2020-07-23,104.0
H,Lufkin,2020-07-24,101.0
H,Lufkin,2020-07-25,108.0
H,Lufkin,2020-07-26,67.0
I,El Paso,2020-04-12,14.0
I,El Paso,2020-04-13,23.0
I,El Paso,2020-04-14,12.0
I,El Paso,2020-04-15,30.0
I,El Paso,2020-04-16,24.0
I,El Paso,2020-04-17,28.0
I,El Paso,2020-04-18,33.0
I,El Paso,2020-04-19,24.0
I,El Paso,2020-04-20,29.0
I,El Paso,2020-04-21,49.0
I,El Paso,2020-04-22,49.0
I,El Paso,2020-04-23,52.0
I,El Paso,2020-04-24,56.0
I,El Paso,2020-04-25,52.0
I,El Paso,2020-04-26,60.0
I,El Paso,2020-04-27,67.0
I,El Paso,2020-04-28,65.0
I,El Paso,2020-04-29,58.0
I,El Paso,2020-04-30,68.0
I,El Paso,2020-05-01,77.0
I,El Paso,2020-05-02,74.0
I,El Paso,2020-05-03,69.0
I,El Paso,2020-05-04,64.0
I,El Paso,2020-05-05,73.0
I,El Paso,2020-05-06,72.0
I,El Paso,2020-05-07,74.0
I,El Paso,2020-05-08,81.0
I,El Paso,2020-05-09,99.0
I,El Paso,2020-05-10,103.0
I,El Paso,2020-05-11,98.0
I,El Paso,2020-05-12,98.0
I,El Paso,2020-05-13,93.0
I,El Paso,2020-05-14,90.0
I,El Paso,2020-05-15,91.0
I,El Paso,2020-05-16,105.0
I,El Paso,2020-05-17,98.0
I,El Paso,2020-05-18,108.0
I,El Paso,2020-05-19,111.0
I,El Paso,2020-05-20,126.0
I,El Paso,2020-05-21,118.0
I,El Paso,2020-05-22,116.0
I,El Paso,2020-05-23,124.0
I,El Paso,2020-05-24,128.0
I,El Paso,2020-05-25,125.0
I,El Paso,2020-05-26,126.0
I,El Paso,2020-05-27,127.0
I,El Paso,2020-05-28,123.0
I,El Paso,2020-05-29,120.0
I,El Paso,2020-05-30,115.0
I,El Paso,2020-05-31,112.0
I,El Paso,2020-06-01,109.0
I,El Paso,2020-06-02,112.0
I,El Paso,2020-06-03,112.0
I,El Paso,2020-06-04,109.0
I,El Paso,2020-06-05,104.0
I,El Paso,2020-06-06,110.0
I,El Paso,2020-06-07,110.0
I,El Paso,2020-06-08,115.0
I,El Paso,2020-06-09,119.0
I,El Paso,2020-06-10,111.0
I,El Paso,2020-06-11,99.0
I,El Paso,2020-06-12,97.0
I,El Paso,2020-06-13,93.0
I,El Paso,2020-06-14,94.0
I,El Paso,2020-06-15,94.0
I,El Paso,2020-06-16,97.0
I,El Paso,2020-06-17,105.0
I,El Paso,2020-06-18,112.0
I,El Paso,2020-06-19,107.0
I,El Paso,2020-06-20,108.0
I,El Paso,2020-06-21,110.0
I,El Paso,2020-06-22,110.0
I,El Paso,2020-06-23,116.0
I,El Paso,2020-06-24,133.0
I,El Paso,2020-06-25,130.0
I,El Paso,2020-06-26,139.0
I,El Paso,2020-06-27,136.0
I,El Paso,2020-06-28,147.0
I,El Paso,2020-06-29,149.0
I,El Paso,2020-06-30,160.0
I,El Paso,2020-07-01,177.0
I,El Paso,2020-07-02,180.0
I,El Paso,2020-07-03,193.0
I,El Paso,2020-07-04,200.0
I,El Paso,2020-07-05,211.0
I,El Paso,2020-07-06,218.0
I,El Paso,2020-07-07,246.0
I,El Paso,2020-07-08,259.0
I,El Paso,2020-07-09,260.0
I,El Paso,2020-07-10,261.0
I,El Paso,2020-07-11,251.0
I,El Paso,2020-07-12,277.0
I,El Paso,2020-07-13,285.0
I,El Paso,2020-07-14,283.0
I,El Paso,2020-07-15,287.0
I,El Paso,2020-07-16,273.0
I,El Paso,2020-07-17,268.0
I,El Paso,2020-07-18,292.0
I,El Paso,2020-07-19,270.0
I,El Paso,2020-07-20,286.0
I,El Paso,2020-07-21,302.0
I,El Paso,2020-07-22,306.0
I,El Paso,2020-07-23,183.0
I,El Paso,2020-07-24,317.0
I,El Paso,2020-07-25,322.0
I,El Paso,2020-07-26,195.0
J,Midland/Odessa,2020-04-12,10.0
J,Midland/Odessa,2020-04-13,11.0
J,Midland/Odessa,2020-04-14,17.0
J,Midland/Odessa,2020-04-15,7.0
J,Midland/Odessa,2020-04-16,10.0
J,Midland/Odessa,2020-04-17,15.0
J,Midland/Odessa,2020-04-18,12.0
J,Midland/Odessa,2020-04-19,10.0
J,Midland/Odessa,2020-04-20,10.0
J,Midland/Odessa,2020-04-21,8.0
J,Midland/Odessa,2020-04-22,11.0
J,Midland/Odessa,2020-04-23,10.0
J,Midland/Odessa,2020-04-24,8.0
J,Midland/Odessa,2020-04-25,7.0
J,Midland/Odessa,2020-04-26,6.0
J,Midland/Odessa,2020-04-27,8.0
J,Midland/Odessa,2020-04-28,8.0
J,Midland/Odessa,2020-04-29,6.0
J,Midland/Odessa,2020-04-30,7.0
J,Midland/Odessa,2020-05-01,7.0
J,Midland/Odessa,2020-05-02,6.0
J,Midland/Odessa,2020-05-03,8.0
J,Midland/Odessa,2020-05-04,8.0
J,Midland/Odessa,2020-05-05,15.0
J,Midland/Odessa,2020-05-06,27.0
J,Midland/Odessa,2020-05-07,28.0
J,Midland/Odessa,2020-05-08,29.0
J,Midland/Odessa,2020-05-09,32.0
J,Midland/Odessa,2020-05-10,30.0
J,Midland/Odessa,2020-05-11,31.0
J,Midland/Odessa,2020-05-12,29.0
J,Midland/Odessa,2020-05-13,32.0
J,Midland/Odessa,2020-05-14,30.0
J,Midland/Odessa,2020-05-15,30.0
J,Midland/Odessa,2020-05-16,27.0
J,Midland/Odessa,2020-05-17,22.0
J,Midland/Odessa,2020-05-18,18.0
J,Midland/Odessa,2020-05-19,18.0
J,Midland/Odessa,2020-05-20,12.0
J,Midland/Odessa,2020-05-21,9.0
J,Midland/Odessa,2020-05-22,9.0
J,Midland/Odessa,2020-05-23,10.0
J,Midland/Odessa,2020-05-24,11.0
J,Midland/Odessa,2020-05-25,15.0
J,Midland/Odessa,2020-05-26,16.0
J,Midland/Odessa,2020-05-27,16.0
J,Midland/Odessa,2020-05-28,17.0
J,Midland/Odessa,2020-05-29,19.0
J,Midland/Odessa,2020-05-30,16.0
J,Midland/Odessa,2020-05-31,17.0
J,Midland/Odessa,2020-06-01,18.0
J,Midland/Odessa,2020-06-02,19.0
J,Midland/Odessa,2020-06-03,18.0
J,Midland/Odessa,2020-06-04,18.0
J,Midland/Odessa,2020-06-05,19.0
J,Midland/Odessa,2020-06-06,20.0
J,Midland/Odessa,2020-06-07,22.0
J,Midland/Odessa,2020-06-08,23.0
J,Midland/Odessa,2020-06-09,23.0
J,Midland/Odessa,2020-06-10,23.0
J,Midland/Odessa,2020-06-11,19.0
J,Midland/Odessa,2020-06-12,20.0
J,Midland/Odessa,2020-06-13,21.0
J,Midland/Odessa,2020-06-14,21.0
J,Midland/Odessa,2020-06-15,23.0
J,Midland/Odessa,2020-06-16,25.0
J,Midland/Odessa,2020-06-17,25.0
J,Midland/Odessa,2020-06-18,23.0
J,Midland/Odessa,2020-06-19,25.0
J,Midland/Odessa,2020-06-20,27.0
J,Midland/Odessa,2020-06-21,32.0
J,Midland/Odessa,2020-06-22,35.0
J,Midland/Odessa,2020-06-23,43.0
J,Midland/Odessa,2020-06-24,39.0
J,Midland/Odessa,2020-06-25,47.0
J,Midland/Odessa,2020-06-26,46.0
J,Midland/Odessa,2020-06-27,56.0
J,Midland/Odessa,2020-06-28,58.0
J,Midland/Odessa,2020-06-29,54.0
J,Midland/Odessa,2020-06-30,58.0
J,Midland/Odessa,2020-07-01,59.0
J,Midland/Odessa,2020-07-02,60.0
J,Midland/Odessa,2020-07-03,72.0
J,Midland/Odessa,2020-07-04,81.0
J,Midland/Odessa,2020-07-05,91.0
J,Midland/Odessa,2020-07-06,90.0
J,Midland/Odessa,2020-07-07,85.0
J,Midland/Odessa,2020-07-08,87.0
J,Midland/Odessa,2020-07-09,101.0
J,Midland/Odessa,2020-07-10,106.0
J,Midland/Odessa,2020-07-11,114.0
J,Midland/Odessa,2020-07-12,113.0
J,Midland/Odessa,2020-07-13,113.0
J,Midland/Odessa,2020-07-14,121.0
J,Midland/Odessa,2020-07-15,130.0
J,Midland/Odessa,2020-07-16,130.0
J,Midland/Odessa,2020-07-17,119.0
J,Midland/Odessa,2020-07-18,116.0
J,Midland/Odessa,2020-07-19,114.0
J,Midland/Odessa,2020-07-20,112.0
J,Midland/Odessa,2020-07-21,110.0
J,Midland/Odessa,2020-07-22,119.0
J,Midland/Odessa,2020-07-23,47.0
J,Midland/Odessa,2020-07-24,116.0
J,Midland/Odessa,2020-07-25,125.0
J,Midland/Odessa,2020-07-26,123.0
K,San Angelo,2020-04-12,0.0
K,San Angelo,2020-04-13,0.0
K,San Angelo,2020-04-14,0.0
K,San Angelo,2020-04-15,0.0
K,San Angelo,2020-04-16,0.0
K,San Angelo,2020-04-17,0.0
K,San Angelo,2020-04-18,0.0
K,San Angelo,2020-04-19,0.0
K,San Angelo,2020-04-20,0.0
K,San Angelo,2020-04-21,0.0
K,San Angelo,2020-04-22,0.0
K,San Angelo,2020-04-23,0.0
K,San Angelo,2020-04-24,0.0
K,San Angelo,2020-04-25,0.0
K,San Angelo,2020-04-26,4.0
K,San Angelo,2020-04-27,2.0
K,San Angelo,2020-04-28,0.0
K,San Angelo,2020-04-29,0.0
K,San Angelo,2020-04-30,0.0
K,San Angelo,2020-05-01,0.0
K,San Angelo,2020-05-02,0.0
K,San Angelo,2020-05-03,0.0
K,San Angelo,2020-05-04,0.0
K,San Angelo,2020-05-05,0.0
K,San Angelo,2020-05-06,0.0
K,San Angelo,2020-05-07,0.0
K,San Angelo,2020-05-08,0.0
K,San Angelo,2020-05-09,1.0
K,San Angelo,2020-05-10,2.0
K,San Angelo,2020-05-11,2.0
K,San Angelo,2020-05-12,1.0
K,San Angelo,2020-05-13,0.0
K,San Angelo,2020-05-14,0.0
K,San Angelo,2020-05-15,0.0
K,San Angelo,2020-05-16,0.0
K,San Angelo,2020-05-17,0.0
K,San Angelo,2020-05-18,0.0
K,San Angelo,2020-05-19,0.0
K,San Angelo,2020-05-20,3.0
K,San Angelo,2020-05-21,0.0
K,San Angelo,2020-05-22,0.0
K,San Angelo,2020-05-23,0.0
K,San Angelo,2020-05-24,0.0
K,San Angelo,2020-05-25,0.0
K,San Angelo,2020-05-26,0.0
K,San Angelo,2020-05-27,0.0
K,San Angelo,2020-05-28,1.0
K,San Angelo,2020-05-29,1.0
K,San Angelo,2020-05-30,1.0
K,San Angelo,2020-05-31,1.0
K,San Angelo,2020-06-01,0.0
K,San Angelo,2020-06-02,0.0
K,San Angelo,2020-06-03,0.0
K,San Angelo,2020-06-04,2.0
K,San Angelo,2020-06-05,2.0
K,San Angelo,2020-06-06,2.0
K,San Angelo,2020-06-07,2.0
K,San Angelo,2020-06-08,2.0
K,San Angelo,2020-06-09,2.0
K,San Angelo,2020-06-10,0.0
K,San Angelo,2020-06-11,0.0
K,San Angelo,2020-06-12,1.0
K,San Angelo,2020-06-13,1.0
K,San Angelo,2020-06-14,2.0
K,San Angelo,2020-06-15,2.0
K,San Angelo,2020-06-16,2.0
K,San Angelo,2020-06-17,2.0
K,San Angelo,2020-06-18,2.0
K,San Angelo,2020-06-19,3.0
K,San Angelo,2020-06-20,3.0
K,San Angelo,2020-06-21,5.0
K,San Angelo,2020-06-22,6.0
K,San Angelo,2020-06-23,7.0
K,San Angelo,2020-06-24,8.0
K,San Angelo,2020-06-25,12.0
K,San Angelo,2020-06-26,12.0
K,San Angelo,2020-06-27,15.0
K,San Angelo,2020-06-28,15.0
K,San Angelo,2020-06-29,15.0
K,San Angelo,2020-06-30,15.0
K,San Angelo,2020-07-01,15.0
K,San Angelo,2020-07-02,33.0
K,San Angelo,2020-07-03,26.0
K,San Angelo,2020-07-04,28.0
K,San Angelo,2020-07-05,27.0
K,San Angelo,2020-07-06,28.0
K,San Angelo,2020-07-07,37.0
K,San Angelo,2020-07-08,36.0
K,San Angelo,2020-07-09,47.0
K,San Angelo,2020-07-10,49.0
K,San Angelo,2020-07-11,51.0
K,San Angelo,2020-07-12,41.0
K,San Angelo,2020-07-13,39.0
K,San Angelo,2020-07-14,39.0
K,San Angelo,2020-07-15,39.0
K,San Angelo,2020-07-16,32.0
K,San Angelo,2020-07-17,41.0
K,San Angelo,2020-07-18,39.0
K,San Angelo,2020-07-19,42.0
K,San Angelo,2020-07-20,37.0
K,San Angelo,2020-07-21,39.0
K,San Angelo,2020-07-22,39.0
K,San Angelo,2020-07-23,37.0
K,San Angelo,2020-07-24,40.0
K,San Angelo,2020-07-25,41.0
K,San Angelo,2020-07-26,48.0
L,Belton/Killeen,2020-04-12,11.0
L,Belton/Killeen,2020-04-13,12.0
L,Belton/Killeen,2020-04-14,13.0
L,Belton/Killeen,2020-04-15,16.0
L,Belton/Killeen,2020-04-16,16.0
L,Belton/Killeen,2020-04-17,15.0
L,Belton/Killeen,2020-04-18,15.0
L,Belton/Killeen,2020-04-19,12.0
L,Belton/Killeen,2020-04-20,11.0
L,Belton/Killeen,2020-04-21,15.0
L,Belton/Killeen,2020-04-22,13.0
L,Belton/Killeen,2020-04-23,15.0
L,Belton/Killeen,2020-04-24,16.0
L,Belton/Killeen,2020-04-25,12.0
L,Belton/Killeen,2020-04-26,16.0
L,Belton/Killeen,2020-04-27,16.0
L,Belton/Killeen,2020-04-28,14.0
L,Belton/Killeen,2020-04-29,16.0
L,Belton/Killeen,2020-04-30,15.0
L,Belton/Killeen,2020-05-01,12.0
L,Belton/Killeen,2020-05-02,17.0
L,Belton/Killeen,2020-05-03,13.0
L,Belton/Killeen,2020-05-04,12.0
L,Belton/Killeen,2020-05-05,17.0
L,Belton/Killeen,2020-05-06,12.0
L,Belton/Killeen,2020-05-07,11.0
L,Belton/Killeen,2020-05-08,12.0
L,Belton/Killeen,2020-05-09,9.0
L,Belton/Killeen,2020-05-10,9.0
L,Belton/Killeen,2020-05-11,9.0
L,Belton/Killeen,2020-05-12,12.0
L,Belton/Killeen,2020-05-13,14.0
L,Belton/Killeen,2020-05-14,9.0
L,Belton/Killeen,2020-05-15,15.0
L,Belton/Killeen,2020-05-16,11.0
L,Belton/Killeen,2020-05-17,11.0
L,Belton/Killeen,2020-05-18,14.0
L,Belton/Killeen,2020-05-19,19.0
L,Belton/Killeen,2020-05-20,21.0
L,Belton/Killeen,2020-05-21,10.0
L,Belton/Killeen,2020-05-22,19.0
L,Belton/Killeen,2020-05-23,13.0
L,Belton/Killeen,2020-05-24,12.0
L,Belton/Killeen,2020-05-25,10.0
L,Belton/Killeen,2020-05-26,2.0
L,Belton/Killeen,2020-05-27,4.0
L,Belton/Killeen,2020-05-28,6.0
L,Belton/Killeen,2020-05-29,9.0
L,Belton/Killeen,2020-05-30,9.0
L,Belton/Killeen,2020-05-31,17.0
L,Belton/Killeen,2020-06-01,21.0
L,Belton/Killeen,2020-06-02,21.0
L,Belton/Killeen,2020-06-03,25.0
L,Belton/Killeen,2020-06-04,24.0
L,Belton/Killeen,2020-06-05,25.0
L,Belton/Killeen,2020-06-06,22.0
L,Belton/Killeen,2020-06-07,24.0
L,Belton/Killeen,2020-06-08,22.0
L,Belton/Killeen,2020-06-09,20.0
L,Belton/Killeen,2020-06-10,18.0
L,Belton/Killeen,2020-06-11,19.0
L,Belton/Killeen,2020-06-12,16.0
L,Belton/Killeen,2020-06-13,17.0
L,Belton/Killeen,2020-06-14,16.0
L,Belton/Killeen,2020-06-15,16.0
L,Belton/Killeen,2020-06-16,14.0
L,Belton/Killeen,2020-06-17,15.0
L,Belton/Killeen,2020-06-18,20.0
L,Belton/Killeen,2020-06-19,18.0
L,Belton/Killeen,2020-06-20,18.0
L,Belton/Killeen,2020-06-21,20.0
L,Belton/Killeen,2020-06-22,24.0
L,Belton/Killeen,2020-06-23,31.0
L,Belton/Killeen,2020-06-24,33.0
L,Belton/Killeen,2020-06-25,24.0
L,Belton/Killeen,2020-06-26,30.0
L,Belton/Killeen,2020-06-27,40.0
L,Belton/Killeen,2020-06-28,34.0
L,Belton/Killeen,2020-06-29,34.0
L,Belton/Killeen,2020-06-30,31.0
L,Belton/Killeen,2020-07-01,40.0
L,Belton/Killeen,2020-07-02,47.0
L,Belton/Killeen,2020-07-03,51.0
L,Belton/Killeen,2020-07-04,55.0
L,Belton/Killeen,2020-07-05,62.0
L,Belton/Killeen,2020-07-06,61.0
L,Belton/Killeen,2020-07-07,69.0
L,Belton/Killeen,2020-07-08,76.0
L,Belton/Killeen,2020-07-09,75.0
L,Belton/Killeen,2020-07-10,73.0
L,Belton/Killeen,2020-07-11,76.0
L,Belton/Killeen,2020-07-12,77.0
L,Belton/Killeen,2020-07-13,75.0
L,Belton/Killeen,2020-07-14,100.0
L,Belton/Killeen,2020-07-15,97.0
L,Belton/Killeen,2020-07-16,84.0
L,Belton/Killeen,2020-07-17,92.0
L,Belton/Killeen,2020-07-18,92.0
L,Belton/Killeen,2020-07-19,93.0
L,Belton/Killeen,2020-07-20,95.0
L,Belton/Killeen,2020-07-21,87.0
L,Belton/Killeen,2020-07-22,84.0
L,Belton/Killeen,2020-07-23,142.0
L,Belton/Killeen,2020-07-24,83.0
L,Belton/Killeen,2020-07-25,70.0
L,Belton/Killeen,2020-07-26,68.0
M,Waco,2020-04-12,9.0
M,Waco,2020-04-13,2.0
M,Waco,2020-04-14,5.0
M,Waco,2020-04-15,5.0
M,Waco,2020-04-16,6.0
M,Waco,2020-04-17,4.0
M,Waco,2020-04-18,4.0
M,Waco,2020-04-19,1.0
M,Waco,2020-04-20,1.0
M,Waco,2020-04-21,3.0
M,Waco,2020-04-22,2.0
M,Waco,2020-04-23,3.0
M,Waco,2020-04-24,3.0
M,Waco,2020-04-25,3.0
M,Waco,2020-04-26,3.0
M,Waco,2020-04-27,2.0
M,Waco,2020-04-28,2.0
M,Waco,2020-04-29,1.0
M,Waco,2020-04-30,1.0
M,Waco,2020-05-01,2.0
M,Waco,2020-05-02,3.0
M,Waco,2020-05-03,3.0
M,Waco,2020-05-04,2.0
M,Waco,2020-05-05,2.0
M,Waco,2020-05-06,1.0
M,Waco,2020-05-07,1.0
M,Waco,2020-05-08,1.0
M,Waco,2020-05-09,1.0
M,Waco,2020-05-10,1.0
M,Waco,2020-05-11,1.0
M,Waco,2020-05-12,1.0
M,Waco,2020-05-13,1.0
M,Waco,2020-05-14,0.0
M,Waco,2020-05-15,2.0
M,Waco,2020-05-16,2.0
M,Waco,2020-05-17,1.0
M,Waco,2020-05-18,2.0
M,Waco,2020-05-19,3.0
M,Waco,2020-05-20,1.0
M,Waco,2020-05-21,0.0
M,Waco,2020-05-22,0.0
M,Waco,2020-05-23,1.0
M,Waco,2020-05-24,1.0
M,Waco,2020-05-25,1.0
M,Waco,2020-05-26,1.0
M,Waco,2020-05-27,0.0
M,Waco,2020-05-28,0.0
M,Waco,2020-05-29,0.0
M,Waco,2020-05-30,0.0
M,Waco,2020-05-31,2.0
M,Waco,2020-06-01,2.0
M,Waco,2020-06-02,2.0
M,Waco,2020-06-03,2.0
M,Waco,2020-06-04,2.0
M,Waco,2020-06-05,2.0
M,Waco,2020-06-06,2.0
M,Waco,2020-06-07,2.0
M,Waco,2020-06-08,2.0
M,Waco,2020-06-09,2.0
M,Waco,2020-06-10,1.0
M,Waco,2020-06-11,2.0
M,Waco,2020-06-12,5.0
M,Waco,2020-06-13,5.0
M,Waco,2020-06-14,5.0
M,Waco,2020-06-15,5.0
M,Waco,2020-06-16,5.0
M,Waco,2020-06-17,7.0
M,Waco,2020-06-18,7.0
M,Waco,2020-06-19,6.0
M,Waco,2020-06-20,6.0
M,Waco,2020-06-21,8.0
M,Waco,2020-06-22,7.0
M,Waco,2020-06-23,12.0
M,Waco,2020-06-24,14.0
M,Waco,2020-06-25,14.0
M,Waco,2020-06-26,15.0
M,Waco,2020-06-27,14.0
M,Waco,2020-06-28,17.0
M,Waco,2020-06-29,24.0
M,Waco,2020-06-30,29.0
M,Waco,2020-07-01,31.0
M,Waco,2020-07-02,32.0
M,Waco,2020-07-03,29.0
M,Waco,2020-07-04,29.0
M,Waco,2020-07-05,31.0
M,Waco,2020-07-06,31.0
M,Waco,2020-07-07,33.0
M,Waco,2020-07-08,38.0
M,Waco,2020-07-09,45.0
M,Waco,2020-07-10,45.0
M,Waco,2020-07-11,54.0
M,Waco,2020-07-12,58.0
M,Waco,2020-07-13,65.0
M,Waco,2020-07-14,70.0
M,Waco,2020-07-15,76.0
M,Waco,2020-07-16,77.0
M,Waco,2020-07-17,72.0
M,Waco,2020-07-18,73.0
M,Waco,2020-07-19,75.0
M,Waco,2020-07-20,80.0
M,Waco,2020-07-21,76.0
M,Waco,2020-07-22,79.0
M,Waco,2020-07-23,79.0
M,Waco,2020-07-24,82.0
M,Waco,2020-07-25,78.0
M,Waco,2020-07-26,78.0
N,Bryan/College Station,2020-04-12,24.0
N,Bryan/College Station,2020-04-13,31.0
N,Bryan/College Station,2020-04-14,13.0
N,Bryan/College Station,2020-04-15,13.0
N,Bryan/College Station,2020-04-16,16.0
N,Bryan/College Station,2020-04-17,21.0
N,Bryan/College Station,2020-04-18,13.0
N,Bryan/College Station,2020-04-19,17.0
N,Bryan/College Station,2020-04-20,9.0
N,Bryan/College Station,2020-04-21,12.0
N,Bryan/College Station,2020-04-22,12.0
N,Bryan/College Station,2020-04-23,13.0
N,Bryan/College Station,2020-04-24,12.0
N,Bryan/College Station,2020-04-25,14.0
N,Bryan/College Station,2020-04-26,11.0
N,Bryan/College Station,2020-04-27,12.0
N,Bryan/College Station,2020-04-28,18.0
N,Bryan/College Station,2020-04-29,21.0
N,Bryan/College Station,2020-04-30,23.0
N,Bryan/College Station,2020-05-01,11.0
N,Bryan/College Station,2020-05-02,16.0
N,Bryan/College Station,2020-05-03,16.0
N,Bryan/College Station,2020-05-04,9.0
N,Bryan/College Station,2020-05-05,11.0
N,Bryan/College Station,2020-05-06,11.0
N,Bryan/College Station,2020-05-07,12.0
N,Bryan/College Station,2020-05-08,17.0
N,Bryan/College Station,2020-05-09,13.0
N,Bryan/College Station,2020-05-10,12.0
N,Bryan/College Station,2020-05-11,16.0
N,Bryan/College Station,2020-05-12,15.0
N,Bryan/College Station,2020-05-13,15.0
N,Bryan/College Station,2020-05-14,16.0
N,Bryan/College Station,2020-05-15,15.0
N,Bryan/College Station,2020-05-16,15.0
N,Bryan/College Station,2020-05-17,15.0
N,Bryan/College Station,2020-05-18,13.0
N,Bryan/College Station,2020-05-19,16.0
N,Bryan/College Station,2020-05-20,12.0
N,Bryan/College Station,2020-05-21,13.0
N,Bryan/College Station,2020-05-22,9.0
N,Bryan/College Station,2020-05-23,11.0
N,Bryan/College Station,2020-05-24,11.0
N,Bryan/College Station,2020-05-25,12.0
N,Bryan/College Station,2020-05-26,11.0
N,Bryan/College Station,2020-05-27,6.0
N,Bryan/College Station,2020-05-28,15.0
N,Bryan/College Station,2020-05-29,17.0
N,Bryan/College Station,2020-05-30,18.0
N,Bryan/College Station,2020-05-31,18.0
N,Bryan/College Station,2020-06-01,23.0
N,Bryan/College Station,2020-06-02,25.0
N,Bryan/College Station,2020-06-03,25.0
N,Bryan/College Station,2020-06-04,26.0
N,Bryan/College Station,2020-06-05,22.0
N,Bryan/College Station,2020-06-06,20.0
N,Bryan/College Station,2020-06-07,22.0
N,Bryan/College Station,2020-06-08,24.0
N,Bryan/College Station,2020-06-09,26.0
N,Bryan/College Station,2020-06-10,24.0
N,Bryan/College Station,2020-06-11,22.0
N,Bryan/College Station,2020-06-12,31.0
N,Bryan/College Station,2020-06-13,26.0
N,Bryan/College Station,2020-06-14,28.0
N,Bryan/College Station,2020-06-15,29.0
N,Bryan/College Station,2020-06-16,27.0
N,Bryan/College Station,2020-06-17,37.0
N,Bryan/College Station,2020-06-18,41.0
N,Bryan/College Station,2020-06-19,42.0
N,Bryan/College Station,2020-06-20,45.0
N,Bryan/College Station,2020-06-21,44.0
N,Bryan/College Station,2020-06-22,44.0
N,Bryan/College Station,2020-06-23,51.0
N,Bryan/College Station,2020-06-24,46.0
N,Bryan/College Station,2020-06-25,47.0
N,Bryan/College Station,2020-06-26,50.0
N,Bryan/College Station,2020-06-27,50.0
N,Bryan/College Station,2020-06-28,50.0
N,Bryan/College Station,2020-06-29,50.0
N,Bryan/College Station,2020-06-30,56.0
N,Bryan/College Station,2020-07-01,54.0
N,Bryan/College Station,2020-07-02,57.0
N,Bryan/College Station,2020-07-03,67.0
N,Bryan/College Station,2020-07-04,64.0
N,Bryan/College Station,2020-07-05,57.0
N,Bryan/College Station,2020-07-06,52.0
N,Bryan/College Station,2020-07-07,53.0
N,Bryan/College Station,2020-07-08,61.0
N,Bryan/College Station,2020-07-09,63.0
N,Bryan/College Station,2020-07-10,58.0
N,Bryan/College Station,2020-07-11,58.0
N,Bryan/College Station,2020-07-12,58.0
N,Bryan/College Station,2020-07-13,54.0
N,Bryan/College Station,2020-07-14,62.0
N,Bryan/College Station,2020-07-15,70.0
N,Bryan/College Station,2020-07-16,70.0
N,Bryan/College Station,2020-07-17,68.0
N,Bryan/College Station,2020-07-18,73.0
N,Bryan/College Station,2020-07-19,74.0
N,Bryan/College Station,2020-07-20,73.0
N,Bryan/College Station,2020-07-21,66.0
N,Bryan/College Station,2020-07-22,71.0
N,Bryan/College Station,2020-07-23,64.0
N,Bryan/College Station,2020-07-24,60.0
N,Bryan/College Station,2020-07-25,60.0
N,Bryan/College Station,2020-07-26,67.0
O,Austin,2020-04-12,22.0
O,Austin,2020-04-13,26.0
O,Austin,2020-04-14,28.0
O,Austin,2020-04-15,30.0
O,Austin,2020-04-16,22.0
O,Austin,2020-04-17,36.0
O,Austin,2020-04-18,29.0
O,Austin,2020-04-19,25.0
O,Austin,2020-04-20,27.0
O,Austin,2020-04-21,23.0
O,Austin,2020-04-22,62.0
O,Austin,2020-04-23,83.0
O,Austin,2020-04-24,76.0
O,Austin,2020-04-25,59.0
O,Austin,2020-04-26,47.0
O,Austin,2020-04-27,46.0
O,Austin,2020-04-28,51.0
O,Austin,2020-04-29,81.0
O,Austin,2020-04-30,88.0
O,Austin,2020-05-01,68.0
O,Austin,2020-05-02,47.0
O,Austin,2020-05-03,59.0
O,Austin,2020-05-04,47.0
O,Austin,2020-05-05,68.0
O,Austin,2020-05-06,93.0
O,Austin,2020-05-07,84.0
O,Austin,2020-05-08,82.0
O,Austin,2020-05-09,56.0
O,Austin,2020-05-10,50.0
O,Austin,2020-05-11,49.0
O,Austin,2020-05-12,72.0
O,Austin,2020-05-13,98.0
O,Austin,2020-05-14,72.0
O,Austin,2020-05-15,99.0
O,Austin,2020-05-16,76.0
O,Austin,2020-05-17,7.0
O,Austin,2020-05-18,25.0
O,Austin,2020-05-19,54.0
O,Austin,2020-05-20,82.0
O,Austin,2020-05-21,56.0
O,Austin,2020-05-22,30.0
O,Austin,2020-05-23,103.0
O,Austin,2020-05-24,43.0
O,Austin,2020-05-25,20.0
O,Austin,2020-05-26,35.0
O,Austin,2020-05-27,46.0
O,Austin,2020-05-28,66.0
O,Austin,2020-05-29,93.0
O,Austin,2020-05-30,92.0
O,Austin,2020-05-31,87.0
O,Austin,2020-06-01,89.0
O,Austin,2020-06-02,89.0
O,Austin,2020-06-03,98.0
O,Austin,2020-06-04,88.0
O,Austin,2020-06-05,79.0
O,Austin,2020-06-06,89.0
O,Austin,2020-06-07,100.0
O,Austin,2020-06-08,87.0
O,Austin,2020-06-09,90.0
O,Austin,2020-06-10,93.0
O,Austin,2020-06-11,89.0
O,Austin,2020-06-12,120.0
O,Austin,2020-06-13,121.0
O,Austin,2020-06-14,123.0
O,Austin,2020-06-15,141.0
O,Austin,2020-06-16,137.0
O,Austin,2020-06-17,148.0
O,Austin,2020-06-18,164.0
O,Austin,2020-06-19,179.0
O,Austin,2020-06-20,181.0
O,Austin,2020-06-21,196.0
O,Austin,2020-06-22,205.0
O,Austin,2020-06-23,245.0
O,Austin,2020-06-24,274.0
O,Austin,2020-06-25,288.0
O,Austin,2020-06-26,296.0
O,Austin,2020-06-27,337.0
O,Austin,2020-06-28,343.0
O,Austin,2020-06-29,373.0
O,Austin,2020-06-30,388.0
O,Austin,2020-07-01,404.0
O,Austin,2020-07-02,426.0
O,Austin,2020-07-03,459.0
O,Austin,2020-07-04,461.0
O,Austin,2020-07-05,469.0
O,Austin,2020-07-06,485.0
O,Austin,2020-07-07,550.0
O,Austin,2020-07-08,534.0
O,Austin,2020-07-09,504.0
O,Austin,2020-07-10,486.0
O,Austin,2020-07-11,500.0
O,Austin,2020-07-12,483.0
O,Austin,2020-07-13,498.0
O,Austin,2020-07-14,518.0
O,Austin,2020-07-15,530.0
O,Austin,2020-07-16,548.0
O,Austin,2020-07-17,517.0
O,Austin,2020-07-18,521.0
O,Austin,2020-07-19,522.0
O,Austin,2020-07-20,542.0
O,Austin,2020-07-21,577.0
O,Austin,2020-07-22,575.0
O,Austin,2020-07-23,160.0
O,Austin,2020-07-24,302.0
O,Austin,2020-07-25,429.0
O,Austin,2020-07-26,515.0
P,San Antonio,2020-04-12,57.0
P,San Antonio,2020-04-13,57.0
P,San Antonio,2020-04-14,64.0
P,San Antonio,2020-04-15,65.0
P,San Antonio,2020-04-16,30.0
P,San Antonio,2020-04-17,47.0
P,San Antonio,2020-04-18,52.0
P,San Antonio,2020-04-19,46.0
P,San Antonio,2020-04-20,38.0
P,San Antonio,2020-04-21,45.0
P,San Antonio,2020-04-22,109.0
P,San Antonio,2020-04-23,80.0
P,San Antonio,2020-04-24,63.0
P,San Antonio,2020-04-25,53.0
P,San Antonio,2020-04-26,60.0
P,San Antonio,2020-04-27,59.0
P,San Antonio,2020-04-28,59.0
P,San Antonio,2020-04-29,58.0
P,San Antonio,2020-04-30,53.0
P,San Antonio,2020-05-01,54.0
P,San Antonio,2020-05-02,57.0
P,San Antonio,2020-05-03,61.0
P,San Antonio,2020-05-04,56.0
P,San Antonio,2020-05-05,67.0
P,San Antonio,2020-05-06,69.0
P,San Antonio,2020-05-07,56.0
P,San Antonio,2020-05-08,68.0
P,San Antonio,2020-05-09,71.0
P,San Antonio,2020-05-10,59.0
P,San Antonio,2020-05-11,53.0
P,San Antonio,2020-05-12,72.0
P,San Antonio,2020-05-13,71.0
P,San Antonio,2020-05-14,61.0
P,San Antonio,2020-05-15,65.0
P,San Antonio,2020-05-16,76.0
P,San Antonio,2020-05-17,82.0
P,San Antonio,2020-05-18,80.0
P,San Antonio,2020-05-19,84.0
P,San Antonio,2020-05-20,93.0
P,San Antonio,2020-05-21,95.0
P,San Antonio,2020-05-22,90.0
P,San Antonio,2020-05-23,96.0
P,San Antonio,2020-05-24,93.0
P,San Antonio,2020-05-25,87.0
P,San Antonio,2020-05-26,90.0
P,San Antonio,2020-05-27,108.0
P,San Antonio,2020-05-28,106.0
P,San Antonio,2020-05-29,64.0
P,San Antonio,2020-05-30,98.0
P,San Antonio,2020-05-31,90.0
P,San Antonio,2020-06-01,105.0
P,San Antonio,2020-06-02,87.0
P,San Antonio,2020-06-03,101.0
P,San Antonio,2020-06-04,74.0
P,San Antonio,2020-06-05,111.0
P,San Antonio,2020-06-06,98.0
P,San Antonio,2020-06-07,94.0
P,San Antonio,2020-06-08,99.0
P,San Antonio,2020-06-09,119.0
P,San Antonio,2020-06-10,128.0
P,San Antonio,2020-06-11,133.0
P,San Antonio,2020-06-12,116.0
P,San Antonio,2020-06-13,144.0
P,San Antonio,2020-06-14,163.0
P,San Antonio,2020-06-15,165.0
P,San Antonio,2020-06-16,185.0
P,San Antonio,2020-06-17,233.0
P,San Antonio,2020-06-18,227.0
P,San Antonio,2020-06-19,279.0
P,San Antonio,2020-06-20,334.0
P,San Antonio,2020-06-21,357.0
P,San Antonio,2020-06-22,473.0
P,San Antonio,2020-06-23,501.0
P,San Antonio,2020-06-24,549.0
P,San Antonio,2020-06-25,606.0
P,San Antonio,2020-06-26,675.0
P,San Antonio,2020-06-27,814.0
P,San Antonio,2020-06-28,778.0
P,San Antonio,2020-06-29,935.0
P,San Antonio,2020-06-30,1010.0
P,San Antonio,2020-07-01,1091.0
P,San Antonio,2020-07-02,1170.0
P,San Antonio,2020-07-03,1196.0
P,San Antonio,2020-07-04,1208.0
P,San Antonio,2020-07-05,1274.0
P,San Antonio,2020-07-06,1313.0
P,San Antonio,2020-07-07,1350.0
P,San Antonio,2020-07-08,1414.0
P,San Antonio,2020-07-09,1442.0
P,San Antonio,2020-07-10,1439.0
P,San Antonio,2020-07-11,1529.0
P,San Antonio,2020-07-12,1490.0
P,San Antonio,2020-07-13,1535.0
P,San Antonio,2020-07-14,1563.0
P,San Antonio,2020-07-15,1549.0
P,San Antonio,2020-07-16,1555.0
P,San Antonio,2020-07-17,1509.0
P,San Antonio,2020-07-18,1520.0
P,San Antonio,2020-07-19,1432.0
P,San Antonio,2020-07-20,1473.0
P,San Antonio,2020-07-21,1475.0
P,San Antonio,2020-07-22,1432.0
P,San Antonio,2020-07-23,619.0
P,San Antonio,2020-07-24,908.0
P,San Antonio,2020-07-25,934.0
P,San Antonio,2020-07-26,1066.0
Q,Houston,2020-04-12,516.0
Q,Houston,2020-04-13,319.0
Q,Houston,2020-04-14,527.0
Q,Houston,2020-04-15,584.0
Q,Houston,2020-04-16,511.0
Q,Houston,2020-04-17,500.0
Q,Houston,2020-04-18,363.0
Q,Houston,2020-04-19,535.0
Q,Houston,2020-04-20,516.0
Q,Houston,2020-04-21,516.0
Q,Houston,2020-04-22,505.0
Q,Houston,2020-04-23,501.0
Q,Houston,2020-04-24,483.0
Q,Houston,2020-04-25,465.0
Q,Houston,2020-04-26,464.0
Q,Houston,2020-04-27,468.0
Q,Houston,2020-04-28,485.0
Q,Houston,2020-04-29,436.0
Q,Houston,2020-04-30,442.0
Q,Houston,2020-05-01,475.0
Q,Houston,2020-05-02,434.0
Q,Houston,2020-05-03,329.0
Q,Houston,2020-05-04,418.0
Q,Houston,2020-05-05,544.0
Q,Houston,2020-05-06,436.0
Q,Houston,2020-05-07,453.0
Q,Houston,2020-05-08,430.0
Q,Houston,2020-05-09,446.0
Q,Houston,2020-05-10,446.0
Q,Houston,2020-05-11,402.0
Q,Houston,2020-05-12,436.0
Q,Houston,2020-05-13,435.0
Q,Houston,2020-05-14,411.0
Q,Houston,2020-05-15,401.0
Q,Houston,2020-05-16,414.0
Q,Houston,2020-05-17,380.0
Q,Houston,2020-05-18,397.0
Q,Houston,2020-05-19,433.0
Q,Houston,2020-05-20,443.0
Q,Houston,2020-05-21,444.0
Q,Houston,2020-05-22,406.0
Q,Houston,2020-05-23,387.0
Q,Houston,2020-05-24,407.0
Q,Houston,2020-05-25,392.0
Q,Houston,2020-05-26,401.0
Q,Houston,2020-05-27,414.0
Q,Houston,2020-05-28,435.0
Q,Houston,2020-05-29,407.0
Q,Houston,2020-05-30,460.0
Q,Houston,2020-05-31,454.0
Q,Houston,2020-06-01,482.0
Q,Houston,2020-06-02,506.0
Q,Houston,2020-06-03,501.0
Q,Houston,2020-06-04,526.0
Q,Houston,2020-06-05,555.0
Q,Houston,2020-06-06,522.0
Q,Houston,2020-06-07,565.0
Q,Houston,2020-06-08,614.0
Q,Houston,2020-06-09,622.0
Q,Houston,2020-06-10,690.0
Q,Houston,2020-06-11,642.0
Q,Houston,2020-06-12,663.0
Q,Houston,2020-06-13,681.0
Q,Houston,2020-06-14,696.0
Q,Houston,2020-06-15,730.0
Q,Houston,2020-06-16,795.0
Q,Houston,2020-06-17,839.0
Q,Houston,2020-06-18,940.0
Q,Houston,2020-06-19,1031.0
Q,Houston,2020-06-20,1040.0
Q,Houston,2020-06-21,1062.0
Q,Houston,2020-06-22,1185.0
Q,Houston,2020-06-23,1293.0
Q,Houston,2020-06-24,1343.0
Q,Houston,2020-06-25,1496.0
Q,Houston,2020-06-26,1606.0
Q,Houston,2020-06-27,1691.0
Q,Houston,2020-06-28,1642.0
Q,Houston,2020-06-29,1767.0
Q,Houston,2020-06-30,2059.0
Q,Houston,2020-07-01,2139.0
Q,Houston,2020-07-02,2250.0
Q,Houston,2020-07-03,2257.0
Q,Houston,2020-07-04,2369.0
Q,Houston,2020-07-05,2442.0
Q,Houston,2020-07-06,2656.0
Q,Houston,2020-07-07,2699.0
Q,Houston,2020-07-08,2700.0
Q,Houston,2020-07-09,2742.0
Q,Houston,2020-07-10,2826.0
Q,Houston,2020-07-11,2842.0
Q,Houston,2020-07-12,2863.0
Q,Houston,2020-07-13,2842.0
Q,Houston,2020-07-14,2914.0
Q,Houston,2020-07-15,2884.0
Q,Houston,2020-07-16,2815.0
Q,Houston,2020-07-17,2763.0
Q,Houston,2020-07-18,2785.0
Q,Houston,2020-07-19,2742.0
Q,Houston,2020-07-20,2638.0
Q,Houston,2020-07-21,2803.0
Q,Houston,2020-07-22,2729.0
Q,Houston,2020-07-23,2369.0
Q,Houston,2020-07-24,2531.0
Q,Houston,2020-07-25,2471.0
Q,Houston,2020-07-26,2855.0
R,Galveston,2020-04-12,76.0
R,Galveston,2020-04-13,84.0
R,Galveston,2020-04-14,97.0
R,Galveston,2020-04-15,96.0
R,Galveston,2020-04-16,101.0
R,Galveston,2020-04-17,104.0
R,Galveston,2020-04-18,111.0
R,Galveston,2020-04-19,94.0
R,Galveston,2020-04-20,110.0
R,Galveston,2020-04-21,110.0
R,Galveston,2020-04-22,125.0
R,Galveston,2020-04-23,128.0
R,Galveston,2020-04-24,136.0
R,Galveston,2020-04-25,142.0
R,Galveston,2020-04-26,127.0
R,Galveston,2020-04-27,115.0
R,Galveston,2020-04-28,124.0
R,Galveston,2020-04-29,132.0
R,Galveston,2020-04-30,124.0
R,Galveston,2020-05-01,129.0
R,Galveston,2020-05-02,101.0
R,Galveston,2020-05-03,88.0
R,Galveston,2020-05-04,92.0
R,Galveston,2020-05-05,118.0
R,Galveston,2020-05-06,114.0
R,Galveston,2020-05-07,57.0
R,Galveston,2020-05-08,53.0
R,Galveston,2020-05-09,58.0
R,Galveston,2020-05-10,52.0
R,Galveston,2020-05-11,52.0
R,Galveston,2020-05-12,40.0
R,Galveston,2020-05-13,47.0
R,Galveston,2020-05-14,46.0
R,Galveston,2020-05-15,55.0
R,Galveston,2020-05-16,121.0
R,Galveston,2020-05-17,112.0
R,Galveston,2020-05-18,111.0
R,Galveston,2020-05-19,123.0
R,Galveston,2020-05-20,117.0
R,Galveston,2020-05-21,117.0
R,Galveston,2020-05-22,117.0
R,Galveston,2020-05-23,122.0
R,Galveston,2020-05-24,116.0
R,Galveston,2020-05-25,119.0
R,Galveston,2020-05-26,101.0
R,Galveston,2020-05-27,114.0
R,Galveston,2020-05-28,89.0
R,Galveston,2020-05-29,115.0
R,Galveston,2020-05-30,106.0
R,Galveston,2020-05-31,91.0
R,Galveston,2020-06-01,111.0
R,Galveston,2020-06-02,108.0
R,Galveston,2020-06-03,115.0
R,Galveston,2020-06-04,96.0
R,Galveston,2020-06-05,119.0
R,Galveston,2020-06-06,122.0
R,Galveston,2020-06-07,126.0
R,Galveston,2020-06-08,123.0
R,Galveston,2020-06-09,147.0
R,Galveston,2020-06-10,142.0
R,Galveston,2020-06-11,111.0
R,Galveston,2020-06-12,131.0
R,Galveston,2020-06-13,137.0
R,Galveston,2020-06-14,136.0
R,Galveston,2020-06-15,154.0
R,Galveston,2020-06-16,157.0
R,Galveston,2020-06-17,164.0
R,Galveston,2020-06-18,152.0
R,Galveston,2020-06-19,159.0
R,Galveston,2020-06-20,144.0
R,Galveston,2020-06-21,193.0
R,Galveston,2020-06-22,166.0
R,Galveston,2020-06-23,194.0
R,Galveston,2020-06-24,223.0
R,Galveston,2020-06-25,230.0
R,Galveston,2020-06-26,271.0
R,Galveston,2020-06-27,297.0
R,Galveston,2020-06-28,268.0
R,Galveston,2020-06-29,298.0
R,Galveston,2020-06-30,303.0
R,Galveston,2020-07-01,318.0
R,Galveston,2020-07-02,315.0
R,Galveston,2020-07-03,308.0
R,Galveston,2020-07-04,300.0
R,Galveston,2020-07-05,334.0
R,Galveston,2020-07-06,364.0
R,Galveston,2020-07-07,408.0
R,Galveston,2020-07-08,421.0
R,Galveston,2020-07-09,333.0
R,Galveston,2020-07-10,385.0
R,Galveston,2020-07-11,432.0
R,Galveston,2020-07-12,431.0
R,Galveston,2020-07-13,458.0
R,Galveston,2020-07-14,515.0
R,Galveston,2020-07-15,436.0
R,Galveston,2020-07-16,420.0
R,Galveston,2020-07-17,411.0
R,Galveston,2020-07-18,413.0
R,Galveston,2020-07-19,396.0
R,Galveston,2020-07-20,381.0
R,Galveston,2020-07-21,372.0
R,Galveston,2020-07-22,417.0
R,Galveston,2020-07-23,430.0
R,Galveston,2020-07-24,415.0
R,Galveston,2020-07-25,418.0
R,Galveston,2020-07-26,407.0
S,Victoria,2020-04-12,16.0
S,Victoria,2020-04-13,21.0
S,Victoria,2020-04-14,22.0
S,Victoria,2020-04-15,21.0
S,Victoria,2020-04-16,19.0
S,Victoria,2020-04-17,17.0
S,Victoria,2020-04-18,19.0
S,Victoria,2020-04-19,19.0
S,Victoria,2020-04-20,21.0
S,Victoria,2020-04-21,22.0
S,Victoria,2020-04-22,50.0
S,Victoria,2020-04-23,30.0
S,Victoria,2020-04-24,26.0
S,Victoria,2020-04-25,23.0
S,Victoria,2020-04-26,22.0
S,Victoria,2020-04-27,26.0
S,Victoria,2020-04-28,25.0
S,Victoria,2020-04-29,24.0
S,Victoria,2020-04-30,25.0
S,Victoria,2020-05-01,29.0
S,Victoria,2020-05-02,24.0
S,Victoria,2020-05-03,24.0
S,Victoria,2020-05-04,22.0
S,Victoria,2020-05-05,22.0
S,Victoria,2020-05-06,21.0
S,Victoria,2020-05-07,21.0
S,Victoria,2020-05-08,20.0
S,Victoria,2020-05-09,18.0
S,Victoria,2020-05-10,17.0
S,Victoria,2020-05-11,18.0
S,Victoria,2020-05-12,17.0
S,Victoria,2020-05-13,17.0
S,Victoria,2020-05-14,12.0
S,Victoria,2020-05-15,12.0
S,Victoria,2020-05-16,15.0
S,Victoria,2020-05-17,14.0
S,Victoria,2020-05-18,15.0
S,Victoria,2020-05-19,12.0
S,Victoria,2020-05-20,10.0
S,Victoria,2020-05-21,11.0
S,Victoria,2020-05-22,15.0
S,Victoria,2020-05-23,15.0
S,Victoria,2020-05-24,13.0
S,Victoria,2020-05-25,13.0
S,Victoria,2020-05-26,13.0
S,Victoria,2020-05-27,14.0
S,Victoria,2020-05-28,12.0
S,Victoria,2020-05-29,6.0
S,Victoria,2020-05-30,10.0
S,Victoria,2020-05-31,18.0
S,Victoria,2020-06-01,17.0
S,Victoria,2020-06-02,19.0
S,Victoria,2020-06-03,19.0
S,Victoria,2020-06-04,22.0
S,Victoria,2020-06-05,23.0
S,Victoria,2020-06-06,14.0
S,Victoria,2020-06-07,13.0
S,Victoria,2020-06-08,12.0
S,Victoria,2020-06-09,11.0
S,Victoria,2020-06-10,10.0
S,Victoria,2020-06-11,9.0
S,Victoria,2020-06-12,7.0
S,Victoria,2020-06-13,7.0
S,Victoria,2020-06-14,8.0
S,Victoria,2020-06-15,11.0
S,Victoria,2020-06-16,11.0
S,Victoria,2020-06-17,12.0
S,Victoria,2020-06-18,9.0
S,Victoria,2020-06-19,11.0
S,Victoria,2020-06-20,15.0
S,Victoria,2020-06-21,15.0
S,Victoria,2020-06-22,20.0
S,Victoria,2020-06-23,18.0
S,Victoria,2020-06-24,30.0
S,Victoria,2020-06-25,31.0
S,Victoria,2020-06-26,30.0
S,Victoria,2020-06-27,16.0
S,Victoria,2020-06-28,40.0
S,Victoria,2020-06-29,45.0
S,Victoria,2020-06-30,50.0
S,Victoria,2020-07-01,62.0
S,Victoria,2020-07-02,68.0
S,Victoria,2020-07-03,78.0
S,Victoria,2020-07-04,94.0
S,Victoria,2020-07-05,97.0
S,Victoria,2020-07-06,108.0
S,Victoria,2020-07-07,117.0
S,Victoria,2020-07-08,106.0
S,Victoria,2020-07-09,114.0
S,Victoria,2020-07-10,140.0
S,Victoria,2020-07-11,136.0
S,Victoria,2020-07-12,161.0
S,Victoria,2020-07-13,153.0
S,Victoria,2020-07-14,155.0
S,Victoria,2020-07-15,136.0
S,Victoria,2020-07-16,144.0
S,Victoria,2020-07-17,142.0
S,Victoria,2020-07-18,157.0
S,Victoria,2020-07-19,162.0
S,Victoria,2020-07-20,167.0
S,Victoria,2020-07-21,167.0
S,Victoria,2020-07-22,169.0
S,Victoria,2020-07-23,178.0
S,Victoria,2020-07-24,184.0
S,Victoria,2020-07-25,179.0
S,Victoria,2020-07-26,174.0
T,Laredo,2020-04-12,25.0
T,Laredo,2020-04-13,24.0
T,Laredo,2020-04-14,28.0
T,Laredo,2020-04-15,26.0
T,Laredo,2020-04-16,27.0
T,Laredo,2020-04-17,31.0
T,Laredo,2020-04-18,31.0
T,Laredo,2020-04-19,25.0
T,Laredo,2020-04-20,27.0
T,Laredo,2020-04-21,27.0
T,Laredo,2020-04-22,23.0
T,Laredo,2020-04-23,20.0
T,Laredo,2020-04-24,28.0
T,Laredo,2020-04-25,25.0
T,Laredo,2020-04-26,24.0
T,Laredo,2020-04-27,23.0
T,Laredo,2020-04-28,20.0
T,Laredo,2020-04-29,23.0
T,Laredo,2020-04-30,18.0
T,Laredo,2020-05-01,20.0
T,Laredo,2020-05-02,21.0
T,Laredo,2020-05-03,23.0
T,Laredo,2020-05-04,23.0
T,Laredo,2020-05-05,20.0
T,Laredo,2020-05-06,18.0
T,Laredo,2020-05-07,19.0
T,Laredo,2020-05-08,18.0
T,Laredo,2020-05-09,18.0
T,Laredo,2020-05-10,18.0
T,Laredo,2020-05-11,17.0
T,Laredo,2020-05-12,14.0
T,Laredo,2020-05-13,13.0
T,Laredo,2020-05-14,14.0
T,Laredo,2020-05-15,15.0
T,Laredo,2020-05-16,16.0
T,Laredo,2020-05-17,15.0
T,Laredo,2020-05-18,14.0
T,Laredo,2020-05-19,13.0
T,Laredo,2020-05-20,13.0
T,Laredo,2020-05-21,14.0
T,Laredo,2020-05-22,14.0
T,Laredo,2020-05-23,14.0
T,Laredo,2020-05-24,13.0
T,Laredo,2020-05-25,14.0
T,Laredo,2020-05-26,14.0
T,Laredo,2020-05-27,14.0
T,Laredo,2020-05-28,15.0
T,Laredo,2020-05-29,16.0
T,Laredo,2020-05-30,15.0
T,Laredo,2020-05-31,14.0
T,Laredo,2020-06-01,14.0
T,Laredo,2020-06-02,12.0
T,Laredo,2020-06-03,10.0
T,Laredo,2020-06-04,12.0
T,Laredo,2020-06-05,11.0
T,Laredo,2020-06-06,12.0
T,Laredo,2020-06-07,10.0
T,Laredo,2020-06-08,9.0
T,Laredo,2020-06-09,9.0
T,Laredo,2020-06-10,12.0
T,Laredo,2020-06-11,12.0
T,Laredo,2020-06-12,12.0
T,Laredo,2020-06-13,12.0
T,Laredo,2020-06-14,11.0
T,Laredo,2020-06-15,11.0
T,Laredo,2020-06-16,10.0
T,Laredo,2020-06-17,14.0
T,Laredo,2020-06-18,14.0
T,Laredo,2020-06-19,15.0
T,Laredo,2020-06-20,16.0
T,Laredo,2020-06-21,18.0
T,Laredo,2020-06-22,15.0
T,Laredo,2020-06-23,20.0
T,Laredo,2020-06-24,24.0
T,Laredo,2020-06-25,33.0
T,Laredo,2020-06-26,42.0
T,Laredo,2020-06-27,44.0
T,Laredo,2020-06-28,50.0
T,Laredo,2020-06-29,54.0
T,Laredo,2020-06-30,71.0
T,Laredo,2020-07-01,82.0
T,Laredo,2020-07-02,91.0
T,Laredo,2020-07-03,100.0
T,Laredo,2020-07-04,95.0
T,Laredo,2020-07-05,90.0
T,Laredo,2020-07-06,93.0
T,Laredo,2020-07-07,103.0
T,Laredo,2020-07-08,110.0
T,Laredo,2020-07-09,116.0
T,Laredo,2020-07-10,123.0
T,Laredo,2020-07-11,150.0
T,Laredo,2020-07-12,154.0
T,Laredo,2020-07-13,149.0
T,Laredo,2020-07-14,165.0
T,Laredo,2020-07-15,159.0
T,Laredo,2020-07-16,155.0
T,Laredo,2020-07-17,162.0
T,Laredo,2020-07-18,131.0
T,Laredo,2020-07-19,157.0
T,Laredo,2020-07-20,166.0
T,Laredo,2020-07-21,168.0
T,Laredo,2020-07-22,169.0
T,Laredo,2020-07-23,167.0
T,Laredo,2020-07-24,180.0
T,Laredo,2020-07-25,164.0
T,Laredo,2020-07-26,224.0
U,Corpus Christi,2020-04-12,9.0
U,Corpus Christi,2020-04-13,12.0
U,Corpus Christi,2020-04-14,9.0
U,Corpus Christi,2020-04-15,12.0
U,Corpus Christi,2020-04-16,7.0
U,Corpus Christi,2020-04-17,11.0
U,Corpus Christi,2020-04-18,13.0
U,Corpus Christi,2020-04-19,8.0
U,Corpus Christi,2020-04-20,9.0
U,Corpus Christi,2020-04-21,9.0
U,Corpus Christi,2020-04-22,6.0
U,Corpus Christi,2020-04-23,8.0
U,Corpus Christi,2020-04-24,6.0
U,Corpus Christi,2020-04-25,9.0
U,Corpus Christi,2020-04-26,9.0
U,Corpus Christi,2020-04-27,4.0
U,Corpus Christi,2020-04-28,4.0
U,Corpus Christi,2020-04-29,4.0
U,Corpus Christi,2020-04-30,4.0
U,Corpus Christi,2020-05-01,4.0
U,Corpus Christi,2020-05-02,16.0
U,Corpus Christi,2020-05-03,16.0
U,Corpus Christi,2020-05-04,4.0
U,Corpus Christi,2020-05-05,4.0
U,Corpus Christi,2020-05-06,4.0
U,Corpus Christi,2020-05-07,6.0
U,Corpus Christi,2020-05-08,5.0
U,Corpus Christi,2020-05-09,8.0
U,Corpus Christi,2020-05-10,9.0
U,Corpus Christi,2020-05-11,9.0
U,Corpus Christi,2020-05-12,9.0
U,Corpus Christi,2020-05-13,8.0
U,Corpus Christi,2020-05-14,16.0
U,Corpus Christi,2020-05-15,22.0
U,Corpus Christi,2020-05-16,17.0
U,Corpus Christi,2020-05-17,7.0
U,Corpus Christi,2020-05-18,7.0
U,Corpus Christi,2020-05-19,6.0
U,Corpus Christi,2020-05-20,12.0
U,Corpus Christi,2020-05-21,5.0
U,Corpus Christi,2020-05-22,13.0
U,Corpus Christi,2020-05-23,8.0
U,Corpus Christi,2020-05-24,9.0
U,Corpus Christi,2020-05-25,9.0
U,Corpus Christi,2020-05-26,9.0
U,Corpus Christi,2020-05-27,8.0
U,Corpus Christi,2020-05-28,9.0
U,Corpus Christi,2020-05-29,8.0
U,Corpus Christi,2020-05-30,6.0
U,Corpus Christi,2020-05-31,6.0
U,Corpus Christi,2020-06-01,6.0
U,Corpus Christi,2020-06-02,8.0
U,Corpus Christi,2020-06-03,10.0
U,Corpus Christi,2020-06-04,7.0
U,Corpus Christi,2020-06-05,8.0
U,Corpus Christi,2020-06-06,11.0
U,Corpus Christi,2020-06-07,8.0
U,Corpus Christi,2020-06-08,7.0
U,Corpus Christi,2020-06-09,8.0
U,Corpus Christi,2020-06-10,7.0
U,Corpus Christi,2020-06-11,7.0
U,Corpus Christi,2020-06-12,12.0
U,Corpus Christi,2020-06-13,11.0
U,Corpus Christi,2020-06-14,14.0
U,Corpus Christi,2020-06-15,15.0
U,Corpus Christi,2020-06-16,14.0
U,Corpus Christi,2020-06-17,18.0
U,Corpus Christi,2020-06-18,20.0
U,Corpus Christi,2020-06-19,24.0
U,Corpus Christi,2020-06-20,26.0
U,Corpus Christi,2020-06-21,26.0
U,Corpus Christi,2020-06-22,31.0
U,Corpus Christi,2020-06-23,38.0
U,Corpus Christi,2020-06-24,39.0
U,Corpus Christi,2020-06-25,38.0
U,Corpus Christi,2020-06-26,85.0
U,Corpus Christi,2020-06-27,94.0
U,Corpus Christi,2020-06-28,107.0
U,Corpus Christi,2020-06-29,109.0
U,Corpus Christi,2020-06-30,127.0
U,Corpus Christi,2020-07-01,163.0
U,Corpus Christi,2020-07-02,173.0
U,Corpus Christi,2020-07-03,208.0
U,Corpus Christi,2020-07-04,217.0
U,Corpus Christi,2020-07-05,227.0
U,Corpus Christi,2020-07-06,249.0
U,Corpus Christi,2020-07-07,303.0
U,Corpus Christi,2020-07-08,328.0
U,Corpus Christi,2020-07-09,322.0
U,Corpus Christi,2020-07-10,341.0
U,Corpus Christi,2020-07-11,337.0
U,Corpus Christi,2020-07-12,360.0
U,Corpus Christi,2020-07-13,355.0
U,Corpus Christi,2020-07-14,348.0
U,Corpus Christi,2020-07-15,333.0
U,Corpus Christi,2020-07-16,351.0
U,Corpus Christi,2020-07-17,382.0
U,Corpus Christi,2020-07-18,338.0
U,Corpus Christi,2020-07-19,426.0
U,Corpus Christi,2020-07-20,430.0
U,Corpus Christi,2020-07-21,414.0
U,Corpus Christi,2020-07-22,411.0
U,Corpus Christi,2020-07-23,528.0
U,Corpus Christi,2020-07-24,448.0
U,Corpus Christi,2020-07-25,445.0
U,Corpus Christi,2020-07-26,437.0
V,Lower Rio Grande Valley,2020-04-12,57.0
V,Lower Rio Grande Valley,2020-04-13,65.0
V,Lower Rio Grande Valley,2020-04-14,68.0
V,Lower Rio Grande Valley,2020-04-15,65.0
V,Lower Rio Grande Valley,2020-04-16,61.0
V,Lower Rio Grande Valley,2020-04-17,68.0
V,Lower Rio Grande Valley,2020-04-18,57.0
V,Lower Rio Grande Valley,2020-04-19,57.0
V,Lower Rio Grande Valley,2020-04-20,54.0
V,Lower Rio Grande Valley,2020-04-21,51.0
V,Lower Rio Grande Valley,2020-04-22,49.0
V,Lower Rio Grande Valley,2020-04-23,30.0
V,Lower Rio Grande Valley,2020-04-24,34.0
V,Lower Rio Grande Valley,2020-04-25,33.0
V,Lower Rio Grande Valley,2020-04-26,33.0
V,Lower Rio Grande Valley,2020-04-27,30.0
V,Lower Rio Grande Valley,2020-04-28,32.0
V,Lower Rio Grande Valley,2020-04-29,28.0
V,Lower Rio Grande Valley,2020-04-30,29.0
V,Lower Rio Grande Valley,2020-05-01,30.0
V,Lower Rio Grande Valley,2020-05-02,35.0
V,Lower Rio Grande Valley,2020-05-03,36.0
V,Lower Rio Grande Valley,2020-05-04,35.0
V,Lower Rio Grande Valley,2020-05-05,37.0
V,Lower Rio Grande Valley,2020-05-06,35.0
V,Lower Rio Grande Valley,2020-05-07,35.0
V,Lower Rio Grande Valley,2020-05-08,21.0
V,Lower Rio Grande Valley,2020-05-09,37.0
V,Lower Rio Grande Valley,2020-05-10,35.0
V,Lower Rio Grande Valley,2020-05-11,35.0
V,Lower Rio Grande Valley,2020-05-12,36.0
V,Lower Rio Grande Valley,2020-05-13,35.0
V,Lower Rio Grande Valley,2020-05-14,32.0
V,Lower Rio Grande Valley,2020-05-15,39.0
V,Lower Rio Grande Valley,2020-05-16,38.0
V,Lower Rio Grande Valley,2020-05-17,33.0
V,Lower Rio Grande Valley,2020-05-18,36.0
V,Lower Rio Grande Valley,2020-05-19,36.0
V,Lower Rio Grande Valley,2020-05-20,30.0
V,Lower Rio Grande Valley,2020-05-21,29.0
V,Lower Rio Grande Valley,2020-05-22,30.0
V,Lower Rio Grande Valley,2020-05-23,34.0
V,Lower Rio Grande Valley,2020-05-24,26.0
V,Lower Rio Grande Valley,2020-05-25,31.0
V,Lower Rio Grande Valley,2020-05-26,33.0
V,Lower Rio Grande Valley,2020-05-27,32.0
V,Lower Rio Grande Valley,2020-05-28,33.0
V,Lower Rio Grande Valley,2020-05-29,36.0
V,Lower Rio Grande Valley,2020-05-30,31.0
V,Lower Rio Grande Valley,2020-05-31,33.0
V,Lower Rio Grande Valley,2020-06-01,37.0
V,Lower Rio Grande Valley,2020-06-02,37.0
V,Lower Rio Grande Valley,2020-06-03,43.0
V,Lower Rio Grande Valley,2020-06-04,47.0
V,Lower Rio Grande Valley,2020-06-05,46.0
V,Lower Rio Grande Valley,2020-06-06,51.0
V,Lower Rio Grande Valley,2020-06-07,47.0
V,Lower Rio Grande Valley,2020-06-08,56.0
V,Lower Rio Grande Valley,2020-06-09,65.0
V,Lower Rio Grande Valley,2020-06-10,67.0
V,Lower Rio Grande Valley,2020-06-11,67.0
V,Lower Rio Grande Valley,2020-06-12,91.0
V,Lower Rio Grande Valley,2020-06-13,94.0
V,Lower Rio Grande Valley,2020-06-14,99.0
V,Lower Rio Grande Valley,2020-06-15,87.0
V,Lower Rio Grande Valley,2020-06-16,122.0
V,Lower Rio Grande Valley,2020-06-17,164.0
V,Lower Rio Grande Valley,2020-06-18,175.0
V,Lower Rio Grande Valley,2020-06-19,191.0
V,Lower Rio Grande Valley,2020-06-20,203.0
V,Lower Rio Grande Valley,2020-06-21,227.0
V,Lower Rio Grande Valley,2020-06-22,253.0
V,Lower Rio Grande Valley,2020-06-23,280.0
V,Lower Rio Grande Valley,2020-06-24,312.0
V,Lower Rio Grande Valley,2020-06-25,398.0
V,Lower Rio Grande Valley,2020-06-26,405.0
V,Lower Rio Grande Valley,2020-06-27,451.0
V,Lower Rio Grande Valley,2020-06-28,462.0
V,Lower Rio Grande Valley,2020-06-29,475.0
V,Lower Rio Grande Valley,2020-06-30,545.0
V,Lower Rio Grande Valley,2020-07-01,588.0
V,Lower Rio Grande Valley,2020-07-02,693.0
V,Lower Rio Grande Valley,2020-07-03,753.0
V,Lower Rio Grande Valley,2020-07-04,820.0
V,Lower Rio Grande Valley,2020-07-05,836.0
V,Lower Rio Grande Valley,2020-07-06,954.0
V,Lower Rio Grande Valley,2020-07-07,1097.0
V,Lower Rio Grande Valley,2020-07-08,1179.0
V,Lower Rio Grande Valley,2020-07-09,1216.0
V,Lower Rio Grande Valley,2020-07-10,1293.0
V,Lower Rio Grande Valley,2020-07-11,1197.0
V,Lower Rio Grande Valley,2020-07-12,1356.0
V,Lower Rio Grande Valley,2020-07-13,1351.0
V,Lower Rio Grande Valley,2020-07-14,1304.0
V,Lower Rio Grande Valley,2020-07-15,1300.0
V,Lower Rio Grande Valley,2020-07-16,1313.0
V,Lower Rio Grande Valley,2020-07-17,1528.0
V,Lower Rio Grande Valley,2020-07-18,1571.0
V,Lower Rio Grande Valley,2020-07-19,1536.0
V,Lower Rio Grande Valley,2020-07-20,1502.0
V,Lower Rio Grande Valley,2020-07-21,1595.0
V,Lower Rio Grande Valley,2020-07-22,1606.0
V,Lower Rio Grande Valley,2020-07-23,1269.0
V,Lower Rio Grande Valley,2020-07-24,1584.0
V,Lower Rio Grande Valley,2020-07-25,1531.0
V,Lower Rio Grande Valley,2020-07-26,1262.0
Total,Statewide Total,2020-04-12,1338.0
Total,Statewide Total,2020-04-13,1176.0
Total,Statewide Total,2020-04-14,1409.0
Total,Statewide Total,2020-04-15,1568.0
Total,Statewide Total,2020-04-16,1459.0
Total,Statewide Total,2020-04-17,1522.0
Total,Statewide Total,2020-04-18,1321.0
Total,Statewide Total,2020-04-19,1471.0
Total,Statewide Total,2020-04-20,1414.0
Total,Statewide Total,2020-04-21,1497.0
Total,Statewide Total,2020-04-22,1678.0
Total,Statewide Total,2020-04-23,1649.0
Total,Statewide Total,2020-04-24,1664.0
Total,Statewide Total,2020-04-25,1587.0
Total,Statewide Total,2020-04-26,1542.0
Total,Statewide Total,2020-04-27,1563.0
Total,Statewide Total,2020-04-28,1682.0
Total,Statewide Total,2020-04-29,1702.0
Total,Statewide Total,2020-04-30,1686.0
Total,Statewide Total,2020-05-01,1778.0
Total,Statewide Total,2020-05-02,1725.0
Total,Statewide Total,2020-05-03,1540.0
Total,Statewide Total,2020-05-04,1533.0
Total,Statewide Total,2020-05-05,1888.0
Total,Statewide Total,2020-05-06,1812.0
Total,Statewide Total,2020-05-07,1750.0
Total,Statewide Total,2020-05-08,1734.0
Total,Statewide Total,2020-05-09,1735.0
Total,Statewide Total,2020-05-10,1626.0
Total,Statewide Total,2020-05-11,1525.0
Total,Statewide Total,2020-05-12,1725.0
Total,Statewide Total,2020-05-13,1676.0
Total,Statewide Total,2020-05-14,1648.0
Total,Statewide Total,2020-05-15,1716.0
Total,Statewide Total,2020-05-16,1791.0
Total,Statewide Total,2020-05-17,1512.0
Total,Statewide Total,2020-05-18,1551.0
Total,Statewide Total,2020-05-19,1732.0
Total,Statewide Total,2020-05-20,1791.0
Total,Statewide Total,2020-05-21,1680.0
Total,Statewide Total,2020-05-22,1578.0
Total,Statewide Total,2020-05-23,1688.0
Total,Statewide Total,2020-05-24,1572.0
Total,Statewide Total,2020-05-25,1511.0
Total,Statewide Total,2020-05-26,1534.0
Total,Statewide Total,2020-05-27,1645.0
Total,Statewide Total,2020-05-28,1692.0
Total,Statewide Total,2020-05-29,1622.0
Total,Statewide Total,2020-05-30,1752.0
Total,Statewide Total,2020-05-31,1684.0
Total,Statewide Total,2020-06-01,1756.0
Total,Statewide Total,2020-06-02,1773.0
Total,Statewide Total,2020-06-03,1805.0
Total,Statewide Total,2020-06-04,1796.0
Total,Statewide Total,2020-06-05,1855.0
Total,Statewide Total,2020-06-06,1822.0
Total,Statewide Total,2020-06-07,1878.0
Total,Statewide Total,2020-06-08,1935.0
Total,Statewide Total,2020-06-09,2056.0
Total,Statewide Total,2020-06-10,2153.0
Total,Statewide Total,2020-06-11,2059.0
Total,Statewide Total,2020-06-12,2166.0
Total,Statewide Total,2020-06-13,2242.0
Total,Statewide Total,2020-06-14,2287.0
Total,Statewide Total,2020-06-15,2326.0
Total,Statewide Total,2020-06-16,2518.0
Total,Statewide Total,2020-06-17,2793.0
Total,Statewide Total,2020-06-18,2947.0
Total,Statewide Total,2020-06-19,3148.0
Total,Statewide Total,2020-06-20,3247.0
Total,Statewide Total,2020-06-21,3409.0
Total,Statewide Total,2020-06-22,3711.0
Total,Statewide Total,2020-06-23,4092.0
Total,Statewide Total,2020-06-24,4389.0
Total,Statewide Total,2020-06-25,4739.0
Total,Statewide Total,2020-06-26,5102.0
Total,Statewide Total,2020-06-27,5523.0
Total,Statewide Total,2020-06-28,5497.0
Total,Statewide Total,2020-06-29,5913.0
Total,Statewide Total,2020-06-30,6533.0
Total,Statewide Total,2020-07-01,6904.0
Total,Statewide Total,2020-07-02,7382.0
Total,Statewide Total,2020-07-03,7652.0
Total,Statewide Total,2020-07-04,7890.0
Total,Statewide Total,2020-07-05,8181.0
Total,Statewide Total,2020-07-06,8698.0
Total,Statewide Total,2020-07-07,9286.0
Total,Statewide Total,2020-07-08,9610.0
Total,Statewide Total,2020-07-09,9689.0
Total,Statewide Total,2020-07-10,10002.0
Total,Statewide Total,2020-07-11,10083.0
Total,Statewide Total,2020-07-12,10410.0
Total,Statewide Total,2020-07-13,10405.0
Total,Statewide Total,2020-07-14,10569.0
Total,Statewide Total,2020-07-15,10471.0
Total,Statewide Total,2020-07-16,10457.0
Total,Statewide Total,2020-07-17,10632.0
Total,Statewide Total,2020-07-18,10658.0
Total,Statewide Total,2020-07-19,10592.0
Total,Statewide Total,2020-07-20,10569.0
Total,Statewide Total,2020-07-21,10848.0
Total,Statewide Total,2020-07-22,10893.0
Total,Statewide Total,2020-07-23,8858.0
Total,Statewide Total,2020-07-24,10036.0
Total,Statewide Total,2020-07-25,9827.0
Total,Statewide Total,2020-07-26,10075.0
